comment,star
"Cực kì phế vật,xạc đc 60% hết cở trong khi giới thịu là 10000mah mà máy tôi chỉ có 5000mah",1
"Kb do số e thế nào chứ là
Học sinh cắt ruột ra để mua đc cục sạc dự phòng mà về lại sạc đc 30' hết điện sạc vào thì 3 tiếng ch đầy quá thất vọng và sót tiền",1
Đặt 2 sp pin dự phòng và cap sạc nhưng chỉ giao có mỗi pin dự phòng. Và tính tiền đủ 2 sp,1
"Chất lượng quá là tệ. Sạc đầy cho cục sạc dự phòng thì mất khoảng 12 tiếng. Đến khi lấy sạc dp qua sạc cho đth thì chưa tới 2,5h đã hết pin rồi. Biết là hàng rẻ nhưng cùng giá này đã có nhiều loại sạc có thể sạc đầy lần1, lần2 còn dùng được nữa. Còn đằng này sạc lần1 chưa đủ đầy pin, k còn gì để nói",1
"Bảo nạp từ 6-8 tiếng mà từ 19h tối hôm trước đến 15h25 chiều hôm sau vẫn như thế kia, dùng thì nhanh hết lúc mới về còn bị hở chỗ màn hình cơ, nhẹ lọc xọc, tối nay mà vẫn chưa đầy em để xuống 1*",1
Chất lượng sản phẩm k tốt xạc lâu đầy pin mà dùng được có tí,1
Sau một thời gian dùng thì cảm thấy sạc dự phòng quá tệ. Sạc cho sạc dự phòng thì rất lâu mà dùng thì chả đc bao nhiêu,1
Quá tệ sạc ko đc 2 tiếng hết ko bằng cục sạc dự phòng 7500mah của tôi nữa nó cùi thật sự mọi người đừng nên mua,1
"Sản phẩm ko dc như quảng cáo Pin chắc dc 5000, sạc thì chậm",1
"Như mng thấy,nút ko bấm đc,hỏng,sạc thì lỏng lẻo,đầu type C input lúc đc lúc ko,sạc nhanh hết pin mà lỏng lẻo?????lắm lúc còn tự nhiên sáng?ủa ai khiến z????lúc bật thì ko có,ko bật thì lại lên??",1
"Sạc rất tệ, chưa sạc đầy điện thoại đã hết pin. Rất thất vọng. Mọi người không nên mua",1
Pin có ghi thông số là hỗ trợ sạc nhanh nhưng ko hề có. Nhắn tin hỏi shop trc đặt hàng thì toàn là auto rep hệ thống.,1
Giao hàng nhanh nhưng pin 10k mà chắc không đến 10k chán quá,1
"Sạc từ chiều hôm trước đến ngày hôm sau vẫn chưa đầy, chán hẳn",1
Sản phẩm thì rất đepj như sạc thì lâu mà dùng thì siêu nhanh hết pin,1
Dây cáp đi kèm không cắm được vào cục sạc để sạc pin. Thất vọng shop,1
Sài dc một chút là hết sạc còn nóng máy nữa chứ chán ghê,1
Mua tai nghe i12 giao 12 chán shop,1
Nhìn thì đẹp rồi đó nhưng phải sài thử mới biết đc tốt hay k. Giờ sài thử mới biết sạc k tốt rất tệ cục sạc sài đc 1 lần hết pin rồi mà cắm dô đc 1 tí lại bị ngắt điện k sạc đc nữa rất dở k hài lòng,1
sbshs,1
Hàng ko rất tệ hư hỏng nhiều ko có giấy hướng giẫn luôn,1
Dánh giá mong nhận xu sản phẩm lỗi không hoạt động shop ra thủ tục rắc rối,1
"Sản Phẩm Về Bóc Hộp Cái Hộp Còn Mới Tinh
Không có nilon dán chống xước phần màn hiển thị
Mặt xước viền Xước
Sản Phẩm như kiểu đã dùng qua
Nhắn tin phản hồi chất lượng kém ...",1
"Giao thíu hàng, nt cho cơ hội mua card trả lại rồi mà vẫn ko lm. Ok rồi mất lun.",1
"cũng đẹp thật ạ chỉ là shoppp cho dây sạc nhầm r ạ, cho dây kiểu đấy thì lúc em sạc dùng kiểu gì ạ:)))",1
"Sạc nhẹ hều, sạc pin thì chậm. Phí hơn 100k ném đi k dùng đến lần thứ 2",1
Xạc k xạc được Hỗ trợ gửi thêm xạc không Không nên mua Chắc chạy tool lượt cmt 5 sao ảo z,1
"Hàng đểu Thoi tiet Khanh Hoa 14/4: Ngay nang, tu chieu mua dong vai noi, kha nang mua 50%, nhiet do 25-33oC, do am 72%. Vung bien: Co mua rao va dong vai noi. Tam nhin xa tren 10km. Gio dong bac cap 3-4",1
Mình đã nhận được hàng của shop nhưng cuc sac dư phòng không sử dụng được mình có nt riêng với shop yêu cầu đổi hàng khác cho mình nhưng shop cứ kêu mình gui lại hàng thì shop mới cho đổi. Nếu mình gửi đi hàng không gửi về mình mất tiền và hàng của mình luôn à. Thất vọng mọi người đừng mua của shop,1
Thật là lần này mua k ưng 1 tí nào .lần trước mua rất ok Sài sạc được lâu cầm chắc tay nên mua lần 2 .nhưng lần 2 nữa về .vỏ thì móp méo .cục xạo thì lỏng lẻo .cầm thì ọp ẹp .quá tệ,1
"Cáp sạc đi kèm k vừa
Thử bao nhiêu cái cáp sạc vẫn vậy
Không nên mua phí tiền",1
"Dùng như naod thì chưa biết, chứ đợi giao hàng lâu ghê T.T ....",1
Sạc ghẻ ae nên mua ở các cửa hàng điện máy giá cũng chỉ 130k 140k thôi,1
"Dây để sạc sạc dự phòng không cắm vừa lỗ để sạc! Vậy thì dùng sao sạc dự phòng này hả shop? Em thực sự khá bực vì hnay em mới dùng, đang định sạc thì thấy không vừa!",1
"Vừa bóc hàng ra đã thấy bị vỡ ngoài vỏ,một bên tai nghe không nghe được.shop trả lời tin nhắn chậm.do thủ tục đổi hàng rườm rà nên đành chấp nhận",1
Sản phẩm quá tồi pin không cố định long sòng sọc giới thiệu là 10000mah nhưng sạc đến 60% của đt 5000mah thì hết pin,1
"pin mình mua sạc toàn tự động ngắt khi chưa đầy, k dùng được, ruột bên trong lỏng lẻo lắc nghe tiếng, phản hồi mà k thấy shop giải quyết gì cả. mà mình mua đến tận 2 cái",1
"Sản phẩm kém chất lượng chất lượng k đúng như quảng cáo sạc dự phòng đề 10000mah nhưng thực tế chỉ có 7500, hàng nhận thì bụi bẩn, móp méo vỏ,,, mọi người k nên mua",1
"Đống hàng sai màu, mua màu đen đống hàng giao lại thành màu trắng",1
Sản phẩm sai với quảng cáo 10000 mah mà pin ip 6spl còn 30% sạc chưa đầy pin dự phòng đã hết rồi,1
"Sạc dự phòng có 6k quảng cáo 10k, chưa tính đến hiệu suất sạc sau khi sử dụng sẽ như thế nào. Treo đầu dê bán thịt chó à",1
Giao cục sạc mà hư mất cái cổng type C là sao cung không hiểu luôn quá chán,1
Thay bnhiu cái dây sạc mà cắm k vào điện chịu chịu…thế này hỏng quá…quá thất vọng,1
"Củ xạc made in china mà thiết kế chán quá
Chỗ vỏ dới màn hình ko khít còn lòi 1 rãnh nhìn cực chán",1
"Sạc lâu vô kinh khủng. Vấn đề shop k giai quyet cứ vòng vo do ĐT pin cao hay dây sạc, hay sạc k đúng cách các thứ.Nói chung mua gi cung dc. Đừng mua dây sạc. Cục sạc dự phòng la được. Mua hag shoppe thành viên vàng. Nhưng đây la lần đầu tiên đánh giá 1* và kg bao giờ quay lại shop này 1 lần nao nửa",1
Sạc dung lượng sạc 1 lần đc 40% đã hết pin òi quá chán,1
"Chưa sử dụng nên chưa biết chất lượng thế nào,đóng gói được,nhưng không thích thái độ của shipper",1
"Chất lượng sản phẩm không đúng như trên hình ảnh và thông tin mà cửa hàng đã công khai.
Pin sạc vào chỉ đến 75% không đạt mốc 100%
Pin sạc max chưa đến 1h, không hề có sự cải thiện
shop có hỗ trợ đổi trả chỉ là biện pháp trước mắt không khách hàng nào rảnh rổi để làm những công việc này.",1
Sạc dự phòng xài k dc. Bấm mãi sạc mãi vẫn k hiện số. Vì dịch phải đi làm mà mua hàng ntn thì rõ là chán,1
"Bị nứt và sử dụng dây sạc nhanh iPhone thì ko vào pin đc
Thật sự thất vọng quá",1
"Xạc thì lâu còn dùng thì siêu nhanh hết pin, với giá 125k các bạn đừng tiếc thêm ít tiền vào tgdd mà mua xạc còn lâu hơn nhiều, đóng gói thì ổn mà chất lượng thì quá kém, mọi người k nên mua hàng này nhé",1
Sử dụng pin sạc vào toàn tụt không thấy lên,1
"Giao hàng quá lâu, sạc cầm nặng tay, chưa xài chưa biết ntn. Hình ảnh mang tính chất nhận xu",1
"Shipper thái độ quá ạ, sáng điện hẹn chiều lấy mà đã thái độ rồi, người ta cũng có việc bận chứ có phải đặt hàng rồi k muốn lấy đâu, ra lấy còn hỏi ""tưởng không lấy luôn chứ""",1
Chất lượng quá tồi sạc chưa đk 1 lần điện thoại thì sạc dự phòng đã hết pin,1
Sạc khui ra thì mở lên nguồn. Sau khi sạc 1 lần thì không lên nguồn nữa. Sản phẩm bị lỗi,1
Dây sạc theo máy ko đúng đầu đã phải mua them dây sạc dể cắm nhưng ko vào rất thất vọng về sản phẩm,1
"Sản phẩm tệ, nếu k muốn nói là k dùng đc bật lên thì đc nhưng sạc thì k vào (dây sạc mình mua của baseus, đã thử cắm vào cục sạc khác và sạc ngon). Có gọi cho hotline nhưng k liên lạc đc, giống như bị lừa ấy. Mn đừng mua nhóo, phí tiền vch.",1
"Sp mua về bị lọc cọc ở trong như k chắc chắn
Sạc pin thì có tiếng rít lên và mùi khét. Trả lời đánh giá báo có người gọi để đổi hàng mà k thấy ai gọi cả",1
Hàng bịp,1
theo mình là kh nên mua ạ pin mình sạc đc 1 lúc thì sẽ tự ngắt bực lắm í,1
Hàng như rất đểu Khi dùng thì được khoảng 1 phút là lại không vào điện Ổ sạc lỏng Phải cắm mạnh Sạc 2 tiếng mà vẫn cứ 75% Nói chung sản phảm không ra gì,1
"Sản phẩm kém chất lượng mn đừng lên mua phí tiền,sạc vừa lâu vừa nhanh hết,tiền nài của ấy",1
"Sạc vào đt rất lâu, dung lượng không đúng chỉ đc tầm 1/2 quảng cáo. Cắm sạc thì cả đêm lên được mỗi tí pin Chất lượng sp quá kém",1
"Sạc rất châm chứa chỉ đc khoảng 6000 mah
Lừa đảo",1
"Đóng gói không cẩn thận
Sạc lâu vào
Ko ổn lắm",1
Không biết có phải số mk đen hay như nào mà cục sạc 10000 mà sạc đươc có 20% cho cái điện thoại 5000. Thất vọng thật sự,1
Chất lượng sạc cũng ổn. nhưng thái độ phục vụ tệ quá giao thiếu hàng mình có ib nhưng kh rep =(((((,1
Sạc k vào pin trong khi pin vẫn đầy,1
Sạc mãi cả nửa ngày cũng không nổi 75%. Hàng rởm hay gì?????,1
"Sạc tầu đểu, mua phí tiền, sạc ko lên nổi pin lại cong hay bị tự ngắt điện",1
Lỗi sạc k vô pin,1
Dùng được 4 hôm thì sạc vào rất chậm khoảng 2 ngày mới đầy pin,1
Như ccccccc,1
Sạc hư không thể dùng được luôn.,1
Điện thoại pin kh đến 2000mah mà sạc được có lần,1
Quá nhanh hết pin,1
không sạc được điện thoại iphone,1
"Sp đẹp lắm nma mình ko biết cách xem pin
Tuy nhiên shipper mất dạy quá, giao ko đúng địa chỉ mình để",1
Shop bán k có dây sạc kèm theo. Đánh giá 1 sao,1
"Mua hàng ở Shopee rất nhiều nhưng đây là lần đầu tiên đánh giá 1 sao. Sạc k vào pin,đúng là trải nghiệm rất tệ. Mọi người nên cân nhắc khi mua",1
Nhanh hên pin quá,1
"Sạc kém chất lượng ko kèm theo dây sạc
Sạc vào điện thoại rất nóng máy rất dễ bị nổ",1
Sp du lượng pin ko như quảng cáo,1
Mua lần thứ 2 thì cục sạc không sạc được,1
50% Sạc chưa gì đã hết,1
Chất lượng quá tệ,1
"Hình ảnh video chỉ mang tính chất nhận xu
Sạc màu đẹp nhưng shop cho dây sạc ko găm vào dc ạ",2
Chắc 1 cục này xạc đc 1 lần thôi,2
"Giao hàng nhanh,đóng gói không cẩn thận lắm
Sạc hơi lỏng lẻo,dây sạc bị đứt,hai đầu sạc khó cắm",2
khonggg có thẻ bảo hành đóng gói ko chắc chắn dùng nhanh hết pin lắm,2
"Mấy bạn đgia bên dưới đều tốt cơ mà mình sạc đt đc 20% là hết mịa pin. Xong quyết định sạc dự phòng cả đêm, xong sáng sạc đc mấy phần trăm xong cũng ngoẻo lun. Thua",2
"Hi mọi người. Việc học của mọi người trải qua có khó khăn không? Mình sinh năm 1999, năm mình thi đại học đậu được vào đại học khoa học xã hội nhân văn nhưng vì ba mình bị bệnh, mẹ mình làm ăn thua lỗ mình phải bỏ học đi làm trả nợ chi phí sinh hoạt cho gia đình. Sau vài năm trả hết nợ học thêm ng",2
"Sạc được 1 lần rưỡi lắc lắc lên có cục pin không chắc chắn, lần đầu tiên mua thấy phí tiền quá",2
"Thời gian giao hàng nhanh. Đóng gói cẩn thận. Pin sạc cực chậm, từ 11h đêm 7h sáng vẫn chưa đầy, cond chậm hơn cả sạc cũ. Các cổng nối thì quá chặt số với đầu nối cáp sạc. Nút bấm gần như liệt!?",2
babnậ,2
Giao hàng khá lâu. Nhắn tin cho shop thì nói chung chung. Chưa dùng spham nên chưa biết chất lượng ntn. Nhưng màu đẹp..,2
"ảnh mang tính chất lấy xu
còn hàng rất là hơi mùi cháy
mik mở ra còn bị xước cục sạc
còn nhanh hết pin
cắm dây sạc vào còn rất chặt ko rút ra đc",2
Nhanh hết pin,2
"Lỗi cổng type C không sử dụng được
Rất mong có phương án xử lí từ người bán hàng",2
Sạc rất lâu vô mình sạc 2 ngày hoen mới đc 100% mà mình xài đc tầm 2 lần sạc cho điện thoại là hết,2
"Chất lượng sản phẩm kém cắm pin mãi không đầy giao hàng nhanh, shop phục vụ tốt",2
Sản phẩm hơi móc méo,2
"Giao hàng khá nhanh, chỉ 2 ngày, đóng gói ổn, chắc chắn, tuy nhiên sao sạc lại là ổ type c để sạc vậy làm mình k sạc vào đc, cho thì cho cap thường",2
"30%pin đầu sạc đầy dc 100%ip7 nhưng 70% pin còn lại chỉ sạc đc 50%. đang sạc vào sạc dự phòng mà từ 8h sáng đến 10h tối mà vẫn chưa đầy vẫn nhấp nháy chua du 75%. kb là như vậy là tốt hay ko tốt ??
giao hàng nhanh.",2
"Sản phẩm dùng nhanh hết, cắm sạc của sản phẩm không sạc được của cho nó vì không phải chung chân sạc",2
"Mình dùng thì có vào pin
Nhưng k hiện pin chắc dùng được bài ba hôm thui
Giao hàng cũng nhanh
Nói chung là k hi vọng gì",2
"Sạc dự phòng yếu không lên pin điện thoại, sạc 1h điện thoại chưa dc 2% pin",2
Cổng sạc 1 đằng cho dây sạc 1 nẻo không hiểu nổi,2
"mua phai san pham loi buon ghe nma chac kp loi cua shop
rep tin nhan hoi lau
dc cai ship nhanh",2
"Nhắn tin thẳng cho đổi hàng shop không rep cho hoàn tiền cũng chẳng thấy nói gì
Đặt màu đen ship cho màu xanh:))))",2
"Hết hàng k báo khách mà tự ý gửi hàng
Có hoàn tiền nhưng cái quan trọng thì k nhận được, báo khách để đổi sp thì k thèm nói??",2
"Sạc đầy 100% cho sạc dự phòng, mà lấy cắm dô sạc đt thì 100 tụt nhanh quá",2
Sản phẩm tam đc .. 10000mah mà sạc đc 1 lần rưỡi à.. tiền nào của đó,2
Sạc đầy cục sạc dùng chx đc bao lâu thì hết,2
Chân sạc ko đúng.giờ mất thêm tiền mua dây sạc,2
"Pin thực chất chỉ 5000 hay cùng lắm 7500 nếu cái mình lỗi nhưng bên bán ghi 10000, sạc rất nhanh hết và đặc biệt như vid kia thì bên trong rất lủng lẳng không biết có phải bên trong mới là pin thật không chứ vỏ ngoài to nhưng sạc được rất ít",2
Cắm sạc k đc,2
"Ulatr nó tệ vl máy nào dòng ip xài đc kh chứ tôi là tôi bất cmn lực r cắm mà kh lên luôn chứ đừng nói là sạc 1 2 lần. Vậy đó mà cắm cho dòng androi hoặc các thiết bị linh tinh khác thì đc, nhma cũng chả lâu. Nchl đc cái đẹp và tiện thôi chứ mua thì ra shop mua đi cho chất lượng.",2
Sảm phẩm đẹp nhưng cầm lên tay ko đc nặng mà cọc cạch đổi lại sp khác shop rất nhiệt tình,2
"Hàng đẹp nhưng không đúng 10000mAh
Điện thoại 5000mAh sạc đúng 1 lần chưa full pin đã hết sạch",2
Dung lượng k được như shop quảng cáo chỉ khoảng 4000mp. Hình thức đẹp giao hàng nhanh,2
Sản phẩm kém chất lượng dung lượng pin chỉ khoảng 2000mah. Máy mình 3000mah sạc từ 0% lên 64% thì hết pin. Mà củ sạc dự phòng tụt từ 100%->0%( sau 1 tháng dùng thế là sạc 2 lần nên dung lượng khoảng 6000mah),2
"Lúc đầu về hình thức mọi thứ thấy ok nên cho 5*
Cũng cẩn thận sạc như hướng dẫn nhưng hôm nay lần sạc t5 mới để ý là pin đc tầm 6000mAh thôi nhé )))
Sạc đầy 1 máy 4000 xong sạc thêm máy 3400 thì đc 47%",2
"Pin bên trong không đc cố định lại
Có tiếng kêu rất rõ khi rung lắc
Không hài lòng",2
"Ổ cắm rất rít, sạc lên chậm. Shop nhiệt tình, vch ok. Nói chung tiền nào của nấy.",2
"Chấu cục sạc dự phòng không gắn dc. Buồn.
Mua về k gắn được. Xài sao ta.",2
10000 mà mới sạc 1 tí đã thấy hết r. Thôi thì đồ sale nên cungz đành.,2
"Shop giao hàg quá lâu, chất lượng chưa dùg nên chưa bít",2
Tiền nào của nấy Chất lượng sản phẩm cũng tạm 5 đến 6 tiếng vẫn chưa đầy Còn sử dụng pin có đúng là 10000 không thì để em trải nghiệm Hơi thất vọng 1 tí,2
Nhận đc hàng thì sản phẩm bị cong vênh ở dưới.,2
Mình mua sạc bị lỗi sạc dt samsung thì rất lâu vô sạc iphone thì không vô mà nt shop đổi trả hàng shop tl không đầu đuôi gì cả thậm chí k trả lời,2
Cục sạc đầy pin đt còn 4% sạc lên được 38% cục sạc hết pin chưa sd được nửa pin đt nửa,2
"Sạc ko tốt
Dễ chai pin
Ms sự dụng được 2 tuần đã chai",2
"Trước khi bình luận tui xin lổi trước sạc dự phòng quá mau hết pin tui sạc từ 9% lên 18% là cục sạc dự phòng hết luôn tuy cục sạc khá rẻ nhưng cũng phải trâu trâu 1 tý chứ haiz, dịch vụ chăm sóc khách hàng và trả lời câu hỏi đưa ra nhanh gói và giao khá nhanh nên cũng ok tui xin hết.",2
Cái sạc cũng ok nhưng đầu sạc vào của nó là loại dẹp mới mà mấy bố để cái cáp sạc samsung vô đấy ?:D?? Ủa thế là phải ra tiệm mua sạc hả ??:),2
sạc dùng đc 1 lần thậm chí chưa dùng đã hết pin là sao shop oi,2
Sản phẩm bị trày mặt đèn led,2
bề ngoài khá ổn nhưng sạc dt báo nguồn vô yếu chán,2
Không có dây sạc,2
"Tuy chx sử dụng hàng nhưng ,shiper quá thái độ với khách hàng yêu cầu là giao buổi sáng nhưng giao trái buổi còn thái độ vs khách ngta cx có việc bận",2
Hàng dùng được mà gửi sai dây ko phải dây tương thích với điện thoại,2
Hàng còn hơi lỗi xíu nhưng vẫn tốt,2
Sản phẩm được tầm 6000 mah,2
Shop giao nhầm màu làm ko để ý,2
Hàng giao nhanh nhưng hết bin cực kì nhanh,2
"Sp sạc cực kỳ chậm, và ít vào pin",2
"50 SUẤT HỌC THỬ ONLINE MIỄN PHÍ CÓ GV BẢN NGỮ
0 Phụ phí1 lớp 3-5 học viên
Đặc biệt phù hợp với người bắt đầu từ con số 0
Tham gia ngay:

“Đừng đứng im khi kẻ khác tiến về phía trước"" và tuyệt đối không nhường cơ hội tham gia lớp tiếng Anh khuyến học trong thời điểm",3
"Vẻ ngoài ko có gì để đánh giá nhưng chất lượng thật sự ngoài mong đợi cho 1 con sạc được rất nhiều người khen, sạc cực kỳ chậm,và nhanh ngốn pin khuyên mng không nên mua ạ",3
Giao hàng tạm ổn. Nhưng mình hơi thất vọng khi nhận được gói hàng cong vòng móp méo hết mức. Đồ điện tử mà ko có bọc chống sốc. Đóng gói quá sơ sài k biết có bị ảnh hưởng đến chất lượng xạc về sau hay k. Mình thấy nó khá nhẹ và lỏng lẻo. Mong shop lưu ý với những lần tiếp theo!,3
"Dễ xước
Nhỏ
Sạc lâu
Đóng gói ko kĩ",3
"Sạc đẹp giao nhanh, nhưng pin 10000mah đt mình 5000mah mà sạc chưa đầy đt nữa là sạc hết pin ròii, sạc chậm nữa",3
"Đóng gói cẩu thả
Hàng nhận rất k vừa ý k chắc chắn
Hàng rất èo ọp lắc nghe thấy tiếng kêu bên trong",3
"Nó không chắc chắn sao á, lắc lắc có cục gì bên trong. Nên chắc được 3 sao",3
"hàng đẹp nhưng sạc đủ 100% mà dùng đc có 1 lần cho viên pin 4500mha, pin ảo quá nhìu so với thông số 1000mha của sp",3
sạc đầy cục mà sạc 1 lần mà đã hết pin luôn rồi ==,3
"Ok nha, rẻ xinh, xịn đẹp, đáng đồng tiền không cần phải bàn nữa rồi",3
"Mình vừa nhận đc hàng bóc ra xem luôn, mẫu mã đúng hình, giao nhanh, nma k hiểu sao bị hở như này, bóp cho nó vào không đc, nhìn khó chịu thật sự ạ, mong shop kiểm tra hàng kĩ trc khi giao cho khách",3
"Hàng ko được tốt lắm,mình ko tin là cục pin này 10000mah,sạc vào thì lâu,mình test sạc cho điện thoại từ 0% thì sạc được 79% là hết,bù lại shop cũng nhiệt tình nên gỡ lại",3
"Xạc thì khá là ok, nhưng shop gửi cho mình cáp xạc k phù hợp, k dùng được mất công lại phải đi mua thêm cáp sạc khác",3
"Cục sạc xài rất tốt, lâu hết pin, đóng gói kĩ càng. Nhưng mà dây sạc không khớp, không sạc được.",3
Hàng cũng chưa ưng lắm Pin sạc không được nhiều chỉ được 1-2 lần sạc đầy 100% pin,3
"Sạc thì thấy chắc đc tầm 2 lần, chưa sạc lần 2 nên chưa rõ. Tạm đánh giá, không có vấn đề, nhưng dây sạc ngắn và k vào điện",3
Sạc pin okk nma cho cái dây sạc sam sung không sạc đc chân sạc của nó lại nokia:))),3
"Màu đẹp giao hàng nhanh, đầu xạc ko biết sao ko cắm vào được, bị lỗi",3
sản phẩm giống hình nhưng sạc pin vào chậm vl với nhanh hết nữa,3
"Sạc được khoảng hơn một lần, có thang đo để dễ kiểm soát điện của sạc. Dây chưa dùng nên chưa đánh giá được",3
Nói chung là hình thức đẹp mà pin sạc cũng vào còn về bên thì xem thời gian,3
Giao hàng đủ shop đóng gói khá kĩ sạc vô pin chậm mình sạc hơn 30' chỉ mới lên được 5% trăm pin mọi người nên cân nhắc trc khi mua nếu muốn sạc nhanh hơn,3
"Gói hàng sơ sài, chỉ cho vào hộp k bọc chống sốc gì, sạc dp mà bọc kiểu này thì bên đvvc ném chuyển hàng có mà vỡ hả shop",3
Tiền nào của đó thui à m.ng. Cục sạc 100% pin thì sạc đt đc tầm 2 lần là hết. Bên ngoài thì đẹp và chống trầy. Ngoài ra muốn sạc đầy cục pin thì phải sạc rất lâu.,3
"Ổ cắm sạc rất khó cắm vào, có hai cổng sạc nhưng chỉ sạc được một cổng, cổng kia cắm thử thì không ăn. Nói chung với giá này cũng không mong chờ gì nhiều.",3
Sạc đẫ về nhưng e cắm sạc vô đt thì k lên đc nè shop ơi hhuuuuhujju,3
đặt hàng mấy lần mí đóng hàng được 10000 nhưng là sạc nhanh nên khá nhanh hết pin,3
cái ổ cắm ra nó bị chật mỗi lần cắm vào phải đẩy mạnh lắm lunnnn,3
Màu đẹp NHƯNG cáp gắn vô cứng ngắc à cắm mạnh mới vô được. Cần lưu ý,3
"Giao hàng nhanh, đóng gói cẩn thận. Sạc điện vào cục sạc rất lâu mới đầy, mình để hơn 8 tiếng vẫn cứ 75%. Nhưng mà chỉ xài đc cỡ 2 3 lần iphone 6 đth mình bị chai pin rồi) là có dấu hiệu hết pin. Nhưng hàng sale thì mình cũng phải chịu thôi",3
Gói kì mà sp ok nhaIt only takes a seconds to sau i love u but it will take a lifetime to show how muchIt only takes a seconds to sau i love u but it will take a lifetime to show how muchIt only takes a seconds to sau i love u but it will take a lifetime to show how muchIt only takes a seconds to sa,3
"Màu xanh này đẹp thật, nhưng dây sạc ngắn cực luôn ý bất tiện thật, chỉ sạc được duy nhất một lần thôi ạ. Nchung là không okeeeeee cho lắm",3
"Giống hình nhưng xài mau hết pin, chỉ sử dụng được tối đa 1,5 lần",3
"Pin trâu bò ghê, dùng thích cực, hihiii yeuu",3
sạc dùng hơi chậm với shop dây sạc ngắn mùi hơi hắc một chút nhưng vì mẫu mã đẹp nên mình cũng ưng. mình đặt màu hồng về đúng màu nha chứ ko phải nhạt như trên ảnh thấy đâu.,3
Giao nhanh đóng gói chắt chắn nhưng có điều là khi sài sau mà nó nóng cái đầu ngay chỗ bin với nóng cái đt nó nóng cực kì luôn í muốn phỏng tay hk bt shop sử lí sao cho mik đi ạ với lại sạc đc có 1 lần bin là hết r .mong shop kiểm tra lại ạ,3
Đóng gói k tốt. Mặt hiển thị và các cạnh bị xước. Chất lượng ổn. Giao hàng nhanh,3
"Giao hàng lâu kinh khủng, ghi note time giao hàng mà shop chả để ý, dùng thì chưa biết",3
"Sản phẩm khá tốt, chưa dùng kb bền hay ko. Đóng gói k cẩn thận cho lắm",3
Sau khoảng chưa đầy 10 ngày mua thì sạc cục sạc 6 tiếng vẫn chưa được 1 nửa nữa sạc máy thì đang sạc lại tự động ngắt,3
Dây xạc kh vào điện sp có mùi điện hơi thất vọng huhuuuuuu,3
"Lười chụp nên lấy đại hình, cục sạc nhìn đẹp nhưng ko chắc chắn, cầm lên cứ bị lỏng tay, kiểu pin bên trong cứ trượt lên xuống trong vỏ, sạc pin cực lâu, 10 tiếng mới đầy 100%, nhưng khi sạc chỉ đc 1 lần điện thoại còn chưa đầy đc pin mà cục sạc đã kiệt, tóm lại là ko ổn lắm, nhưng tiền nào của đấy",3
Đặt hàng mà shop k giao nửa tháng nay k có shiper nào gọi cũng như là shop liên lạc,3
Sạc vào cục sạc dự phòng thì rất lâu đầy mất mười mấy tiếng mới xong mà lấy sạc qua điện thì chưa tới 2lần đã hết pin,3
Hơi thất vọng cap sạc thì ngắn còn sạc dự phòng này sạc nó yếu hay s ý đt mk 45% mà cắm sạc vào 1 lúc mà nó vẫn số pin như cũ lúc lên lúc xuống nữa cơ nói chúng là đểu mn đừng nên mua nha thà mk bỏ nhiều tiền mua sạc tốt còn hơn đấy mn ạ,3
"Sủa lại đánh giá vì sạc xuống cấp quá nhanh.


Xài thì cũng dc, nhưng dung lượng sạc k được nhiều, sạc cỡ tầm chưa dc 2 lần là hết pin nhé mọi ng. Nếu ai muốn sạc nhiều hơn thì nên mua loaii có dung lượng nhiều hơn.",3
sạc rất nhanh hết pin. mình sạc 100% cho sạc r. nhung máy mk 7pl chưa sạc nổi 1 lần v mà shop bảo dc 2 lần,3
"Chất lượng sản phẩm tạm được, đóng gói sản phẩm cẩn thậnnnnnnn",3
Cục sạc oke nhưng dây sạc không khớp với cục sạc dự phòng,3
Ai sài iphone sạc bằng cổng type C thì cân nhắc nhá anh em và bị hơi dơ ngay góc,3
Giá như này thì chất lượng cũng bình thường thôi. Sạc không được lâu lắm đâu nha,3
"Cổng sạc typeC mà đóng cáp sạc micro
Làm sao sạc",3
"Hàng bề ngoài ok.
Dung lượng 10.000 mà sạc đầy đt có 1 lần
Thua cục 7.500 nữa, cục này còn sạc gần 2 lần",3
"Hàng ghi rõ là 147k mà ông shipper kêu 150k thấy có 3k nên thôi im luôn
Chán",3
Hàng bình thường.sạc chậm nhanh hết,3
"K biet moi người mua thi dung the nao,chu mk mua ve dung dc 2 hôm ,sac đầy mang đj lam,đen luc het pin mang ra sạc thi k co tý pin nao.,nghĩ rang sạc het pin ,mk mang di sac thi ko vào nữa ,sac 2tieng ma van cu 25% ,nếu có lần sau mk se ko mua nữa,cac b nên suy nghĩ trước khi mua,tiền nào của đấy ạ",3
Sạc cả tiếng trời chưa đầy nổi cái điện thoại. Dùng chơi chơi thì được. Chứ sạc nhanh thì không thấy ổn kiếng nào luôn ạ. Dùng một thời gian mới thấy nó chán quá chán.,3
Đặt màu trắng mà shop giao nhầm màu xanh. Hàng khá là ổn.,3
"Giao hàng chậm quá ngày dự kiến giao hàng mấy ngày lận, chất lượng sp để dùng đã",3
Có 6000mah thôi đào đâu 10000mah mà tiền nào của ấy nhìn chung cũng được,3
mình đã thử mấy lần. sạc ghi 10000 nhưng khi đầy 100% chỉ sạc đươc 2 lần iphone 6s chắc chỉ 4000 là cùng nhưng dùng được là được rồi,3
Sạc kém báo ảo sạc ghi 10.000mah mà sạc chưa dc hai lần ip6plus đã hết rồi,3
"Sạc đầy pin thì rất lâu, mà lúc dùng thì nhanh hết pin huhu, được cái shop trả lời nhiệt tình",3
Sạc nhanh k xuất hiện.thông số chỉ 10.5w sao để sạc nhanh.hãng sản xuất ghi sai đặc tính trên sản phẩm.làm nản,3
"Nhìn bên ngoài thì oke nhưng mà sạc này sạc pin lâu vào vl, dùng iphone 6s dung lượng pin của nó nhỏ mà sạc 2-3 tiếng mới đầy",3
"dùng tạm ổn, hình thức thì bị xước nhiều phần màn hình led ngay từ khi lấy hàng,",3
Chỉ sạc đc 1 cổng còn các cổng còn lại sạc không vào,3
Như hình đóng gói kĩ càng không móp méo nhưng sạc đầy pin cho cục sạc thì lâu quá đã thế sạc chưa bao lâu đã hết pin =)))),3
Dung lượng pin là 10000 nhưng chỉ sạc được 1 lần đt cho dù đt mình chỉ có 3766mah,3
Sản phẩm OK mỗi cái giao hàng cực chậm 9 ngày mới nhận được,3
Vận chuyển sản phẩm ok nhưng sao mình sạc hơn 12 tiếng mới đủ pin là sao????,3
Vừa mua về đã có vết bẩn sạc khá lâu,3
Hàng đẹp nhưng giao hàng lâu quá,3
Sạc lâu dô quá,3
Sạc lâu,3
Chuyển hàng lâu cả 1 tháng mới nhạn đc hàng,3
Sạc nhanh hết pin,3
Chưa biết được ra sao,3
Hơi hao pin,3
Tạm ổn,3
Hàng thì có đẹp nhưng sạc hơi lâu 3 sao,3
Tạm được. Phù hợp giá tiền.,3
Shipper như l:))),3
"Giao hàng nhanh shiper thân thiện về sản phẩm thì ko đc tốt lắm khó cắm sạc vào, nhanh hết pin nhưng giá khá tốt lần sau sẽ ủng hộ shop",4
Giao hàng nhanh chóng nhưng đóng gói không chắc chắn sạc pin từ 16:55 (69%) đến 17:21 (77%) là nhanh hay chậm,4
Sạc cầm nhẹ tay thi thoảng mk cầm mà pin bên trong còn lọc cọc như kiểu k chắc lắm. Sau 1tg sd mk thấy pin sạc vào máy khá chậm và tầm chỉ đc 2 lần sạc,4
"Nói chung cũng ổn, shop còn đưa giấy hsd nữa cơ á, rất tuyệt vời luôn",4
Hơi nhỏ và nhẹ hơn so bs tưởng tượng và chất lượt thì chx bt nhưng cx đc gọi là tạm ổn,4
Sạc đc 1 máy đã hết r,4
"Hàng chất lượng, giao nhanh. Nhưng mà alo shop ơi cổng sạc type -C mà đầu cắm tai gì đây ?????",4
"Sạc dự phòng tạm được, hết pin hơi nhanh",4
"Sản phẩm khá đẹp, tuy nhiên hơi nặng! Phần bao bì bọc thì rất sơ xài! Mong rằng lần sau bọc hàng có tâm hơn!",4
"Hàng điện tử mà shop không có bọc chống xóc làm hộp đựng bị móp, nhưng mà được cái hanfng chưa bị hỏng gì cả",4
Tạm ổn ..chua xài chua bit chat luong ra sau..ok lan sau ghé shop,4
Sạc hơi nhanh hết pin. Mình có nhắn tin thì shop cho đổi trả hoàn tiền nhưng mình lười đi quá nên thôi xài luôn. Shop nhắn tin dễ thương nên rate 4 sao vậy,4
"Sạc màu xinh, thiết kế gọn nhẹ, dễ thương, giá tốt, đóng gói sản phẩm cẩn thận, điểm trừ là dây sạc quá ngắn mà còn KHÔNG có chui nào vừa đầu sạc nữa đt mình cũng k vừa k hiểu nổi",4
"Nhỏ gọn
Nhưng mà phần đầu cắm usb cắm bị cứng
Chắc do vận chuyển nên bị hở 1 tí ở cạnh
Nhưng thôi kệ mình bóp lại là nó khớp thôi
Màu y hình",4
Sạc cũng đẹp khá oke hình như hơi nhanh hết pin sạc để từ 10% đến 100% 1 lần là hết sạc vào điện khá lâu lúc bóc hộp sạc màu hồng k có màng bọc màn hình -.-,4
"Chưa sử dụng nhiều nên kh biết có sạc đc lâu không
Shop gói hàng đảm bảo",4
"Lần sạc đầu tiên thì mình k thấy sạc đầy 1 lần sạc của ip 11 promax, còn lần 2 sạc ip8 thì thấy dc 1 lần@@ để sạc thêm xem chứ vậy ít quá",4
"Giao đúng mẫu, màu đẹp, nhỏ gọn, tiện mang theo người, giá cả phải chăng...",4
"sạc được 1 lần hết pin, giao hàng nhanh, đóng gói hàng cẩn thận",4
"Giao nhanh sạc thử lên 10% pin thì đã sụt pin từ 75 xuống 50 rồi kbiet được lâu không, bọc hàng chất lượng",4
Mới mua lần đầu nên chưa biết chất lượng sạc như thế nào. Lúc mở ra khá hào hứng nhưng mà thấy pin không đầy nên lại hụt hẫng.,4
"Đóng gói cẩn thận, giao nhanh, cskh khá ổn, chỉ là sạc khá lâu mới đầy.....
Hình ảnh, video chỉ mang tc minh hoạ",4
"Màu khá xinh, nhỏ gọn và nhẹ nha mn, có điều shop hỗ trợ khách hàng k tốt lắm nhưng sạc nhanh, nch là ổn, nên mua nha mn ơi",4
"Sạc cũng được, dây chắc chắn, mình chỉ thấy là sạc dự phòng công suất k cao thôi, mình cắm mà trên sạc gần hết pin đến nơi trong khi máy mình chưa lên nổi 25% nữa",4
Sản phẩm được tốt cần thêm một cổng type-c cho những dòng máy samsung,4
Nói chung cũng tạm được nhưng sạc thì chỉ được 1 lần mặc dù điện thoại mình 3400map,4
"Giao hàng nhanh nhưng sạc vào máy lâu, sạc vào máy khoảng 50% đã hết rồi, sạc lâu đầy",4
Nút bật nguồn hơi khó bấm giao hàng nhanh Sd 1 tgian mới biết dc,4
"Hàng về thì dùng đc
Nma ko biết có bền hay ko
Nma pin sộc xệch ko đc chắc cho lắm
Nc Vũng oke phết",4
Sạc vô lâu nhìn không giống là 10000 rẻ tạm chấp nhận giao hàng nhanh,4
"không phải sạc nhanh. Ổ cắm không phải của android. Cũng ổn, mình nghĩ sạc được là được, với giá 140k. Giao hàng nhanh hơn dự kiến nhưng shop lấy hàng khá lâu nên cho 4 sao",4
Xài được lắm mà mỗi thôi sạc pin vô cục hơi lâu để cả 8 tiếng đồng hồ chưa lên hết pin nữa,4
Hàng fake nặng khuyên mn ko nên mua...sạc ko lên pin........,4
"Sạc dc tí nó báo hết pin r
Ảnh mang tc nhận xu",4
"Màu như hình cầm nhẹ tay
Thông tin để là có thể sạc đầy đt từ 2-3 lần, đt còn 30%-mk sạc đc có 1 lần là cục sạc đã hết pin rồi, dây kèm theo rất ngắn. Xài đc bao lâu thì phải xài thêm tg nữa mới bt
Shop nhiệt tình từ khâu đặt hàng gói hàng đến shipper giao thành công shop đều nt thông báo mk bt.",4
"Màu xanh cũng đẹp á. Nhưng mà sạc nhanh hết pin lắm luôn MADE IN CHINA. kh biết mn sao nhưng đt mình sạc được 1 lần lên 100% là sạc dự phòng đã hết pin rồi. Cuối năm và năm mới nên mình du di cho shop 4 sao nhắc nhở
Tạm biệt 2021. Hi vọng mọi người đã có 1 năm mua sắm vui vẻ và ưng ý",4
Màu như quảng cáo đóng gói ko kĩ lắm có mỗi 2 hộp còn chất lượng như nào xài thgian mới biết tạm 4⃣,4
Sàm phẩm ok nha và được bảo nữa có điều là giao hàng hơi lâu....,4
"Sản phẩm bt.so với giá là sài tạm.
Hơi lỗi tí tẹo cho 4,5
Nv shop nhiệt tình. Tư vấn nhiệt tình",4
"Shop đóng gói cẩn thận, thời gian giao hàng thì siêu siêu nhanh",4
"Đẹp giao cũng ok
Chưa sài nen chưa biết sao

.hshsj",4
"Giao hàng nhanh, cầm hơi nặng tay, hôm qua m dùng thử thấy cắm đầu dây sạc vào hơi bị chật, mới sạc đến 63% đã hết pin, có thể do sạc dự phòng chưa đc sạc đầy",4
Thấy mng khen sài ok nên mới mua nhma chưa sài cx chưa bít chất lượng như nào nhận hàng thì nút bật sạc hơi khó bật nhma săn sale nv cx ok r ạ,4
"Hàng giao nhanh,giao đúng sp,giắc cắm có vẻ hơi ngắn,ngõ bên dưới sạc dự phòng nghe có vẻ rỗng,hàng hơi bụi có vẻ để lâu,nói chung hàng ổn",4
Sạc dùng được nhưng mà phần cắm sạc rất khó cắm vào shop phục vụ tốt giao hàng nhanh,4
"Giao hàng nhanh. Thiết kế nhánh chống trượt. Chất lượng ổn, không biết đc bao lâu.",4
"Shop giao thiếu mất dây sạc
Mình chỉ cho 4* thôi


Aenh và vid không liên quan đến sp",4
"Hàng giao rất ok
Mới về là 75%
Còn chưa sử dụng thì chưa biết thế nào.
Thiết kế đẹp Vừa giá tiền.",4
Ship hàng nhanh. Shop tư vấn nhiệt tình. Hơi xước 1 tí thôi nhưng không đáng kể.,4
"Hộp bị móp méo nhưng may là sp k sao, đã test thử thì đồ cắm sạc rất khó cắm, máy đẹp hàng new",4
Sản phẩm tốt,4
"Giao nhanh đúng màu, sạc đẹp xài cũng ok tuy nhiên gói hàng không cẩn thận, từ HN vào TPHCM mà không coa bọc chống sốc",4
"Sạc cắm vào khó, sạc lâu thì nóng. Dung lượng pin ổn, giá cũng ok",4
"sạc không quá mạnh, màu đẹp giao hàng khá lâu nhưng không ảnh hưởng, sản phẩm sử dụng khá được, tiền nào của đấy",4
Mới dùng thì thấy okela còn về sau có bền hay không thì phải thử mới biết,4
Giao hàng nhanh Sản phẩm đúng mô tả nhưng chân cắm nhỏ bi kich. Nếu cắm nhiều lần dễ hỏng nên phải đề luôn chân ở đó,4
"Hàng đóng gói đẹp và chắc chắn, chỉ có điều dây sạc quá ngắn. Còn về chất lượng thì sài lâu mới biết được",4
"Cái cap nhìn mất điểm thật sự. Shop nên kiểm tra trước khi ship.
Chưa cắm thử nữa không biết có bị gì không… buồnn

Chưa cắm thử nữa không biết có bị gì không… buồnn",4
"Hàng giao nhanh, màu giống hình mẫu, mình lười chụp nên lấy tạm ảnh khác, trừ điểm shop do giao sai cáp sạc, ít nhất phải hỏi khách dùng đt loại nào, giờ mất công phải mua cáp khác mí dùng đc",4
"Shop giao hàng nhanh, shipper thân thiện, sp giao về trông hơi cú 1 tí tẹo nhma dùng ổn...nchung ổn",4
Sạc thì ok cơ mà giao thiếu hàng k báo trước làm con trai mình cứ ngóng hic,4
"Sản phẩm cầm chắc tay. Nhẹ tý thì ngon.
Có thêm dây sạc type C nữa thì phổ biến hơn.",4
"[TB] TẶNG 20% GIÁ TRỊ TẤT CẢ THẺ NẠP trong ngày 10/07. Tiền KM sử dụng nội, ngoại mạng đến hết 25/07/2021. Giảm thêm 3% khi nạp thẻ tại Chi tiết gọi 197 bấm phím 19 (0đ). Trân trọng.",4
"Xạc dự phòng khá ổn ,giao hàng cũng nhanh
Mình mua lần thứ 2 nhưng k hài lòng bằng lần thứ 1
Shipper thân thiện ,vui tính
Vì lần này xạc có 1 lỗi nhỏ nên k cho shop 5 sao đc",4
"Chưa dùng thử nên không biết thế nào. Dây sạc kèm hơi ngắn nên hơi bất tiện. Sạc màu khá cute. To hơn cái iphone 6 một xíu. Giao hàng khá nhanh. Sạc hơi chậm, cục sạc hết pin cũng khá nhanh nên hơi bùn xíu huhu:(",4
"Sạc màu xinh, giao hàng tương đối nhanh. Chưa sd hết đến khi hết pin nên kb dung lượng pin có chuẩn không",4
Chất lượng sản phẩm không biết có tốt không vì chưa dùng. Nếu tốt sẽ mua ủng hộ tiếp,4
Không biết tại sao cục sạc của mình lại k có phần bọc màn hình hiển thị như các bạn khác. Mặt kính bị trầy.shop nên chú ý hơn,4
"hình ảnh chỉ mang tính chất nhận xu nma test thì thấy hơi bị nóng, với giá thì k đòi hỏi được cao",4
sạc cx ổn mà ko hiểu s cả sạc và máy đều bị nóng nên cx quan ngại về sự an toàn của sản phẩm...,4
"Shop rất nhiệt tình
Sạc đầy mỗi lần thì dùng đc khoảng hơn 2 lần vs máy mk là xiaomi
Mk sạc từ lúc sdp có 50% để lên 100% những hơn 7 tiếngs lâu hơn rất nhiều so với mô tả là 5h.",4
"Hàng màu đẹp giao hàng nhanh
Nhưnggggg tức cái lồng ngực là dây sạc k dùng đc chân sạc một đường dây một nẻoooooo",4
Đóng gói sản phẩm tốt chất lưỡng thì phải dùng mới biết được,4
Hình ảnh mang tính chất nhận xu. Đã nhận đc hàng nhưng shop giao thiếu Đợi săn sale để mua mà gưi thiếu lại mất công mua lại tốn thêm ship,4
"Đóng hàng cẩn thận, hàng nguyên seal nhưng mặt kính hơi xước không hài lòng lắm. Chất lượng chưa dùng nên k đánh giá",4
"Giao hàng hơi lâu, mặt led trầy nhẹ nhưng test thấy ổn nha.",4
"Đóng gói không chắc chắn lắm,giao hàng lâu,sản phẩm cầm khá đằm tay,các cổng chặt không lỏng lẻo",4
"Giao hàng nhanh đúng màu
Sạc có 2 chân nhưng mình chỉ sử dụng đc 1 chân thôi, hơi pùn nhưng với giá tiền này mình cũng là oke r
Ncl là cũng ổn
Hình ảnh và video ko lquan!",4
"Không có hình ảnh nên dùng tạm ảnh khác ạ, sạc hơi khó sạc với nó cự bị tắt tự động hơi khó chịu xíu nhưng mà rẻ nên chắc chỉ vậy thôi:(",4
Về phàn output thì dùng bình thường nhưng cái giác cắm input shop gửi cho mình là của kiểu samsung đời cũ mình cắm mãi không vào được. Mình mới lấy cái sạc chân to của samsung đời mới ra cắm thì mới cắm được. Không hiểu kiểu gì,4
Cục sạc xài rất tốt so vs giá tiền. Mà đọc thì có bảo hỗ trợ sạc nhanh nhưng mình xạt nhanh k được,4
"Hàng giao nhanh,sản phẩm nhẹ dễ mang đi chưa dùng nên chưa biết chất lượng ntn nhưng trừ 1đ vì đóng gói ko chắc chắn",4
"Chất lượng sản phẩm tuyệt vời, giao đúng mẫu đặt, chưa sử dụng lâu nên chưa biết chất lượng sản phẩm",4
"Thiết kế đẹp, màn hình led hơi thừa, dùng lâu mới biết chất lượng",4
Hộp giao hàng,4
"sản phẩm ok
chất lượng ok
đẹp nhỏ gọn
dùng đc lâu pin
tóm lại là sản phẩm ok",4
"Sản phẩm tôt giao hàng nhannh, tuy nhiên đề nghị shop lên một cái list để chọn đầu cắm, vì mình xài Iphone nên cái dây ko cắm đc
Hình anh chỉ mang tính chận nhận xu",4
"Giao hàng nhanh, mẫu mã đẹp nhưng chưa biết sạc tốt không sẽ quay lại đánh giá lại sau. Mà cổng sạc ko thể cắm sâu hơn được nữa nên thấy hơi bất tiện cho 4*",4
Sạc hơi chậm,4
day cam khong vua o cam,4
Sạc mẫu mã đẹp..nhưng sạc có vẻ nhanh hết pin..sạc được khoảng 2 lần thôi,4
Sạc cũng oke nhưng sạc khá là chậm tiền nào của nấy chuẩn bị hàng hơi lâu,4
"Hàng ship nhanh và dùng ổn, cảm ơn shop nhiều",4
Thấy mau hết pin,4
Cầm trên tay nhẹ và cảm nhận là bị lắc bên trong sạc dụ phòng giao nhanh đúng màu,4
Gói hàng không được chắc chắn. Không có bao bọc cẩn thận. Chờ giao hàng khá lâu. Sản phẩm như y mẫu. Cũng ok,4
"Điểm cộng: Shop khá nhiệt tình giao hàng nhanh+ màu sạc rất xinh pin thì mình thấy khá ổn. Sau khi xả sạch 1 lần thì mình nghĩ có thể sạc 3l nữa.
Điểm trừ: khớp của vỏ với phụ kiện bên trong không khớp nhau khi cần lên có thể cảm thấy bên trong đang di chuyển, mong là sẽ không ảnh hưởng tới pin",4
Sp rất ok nhưng có điều pin xuống hơi nhanh nên cho 4*,4
"Giao hàng nhanh, sản phẩm còn dùng tốt nhưng bề mặt pin xước nên đánh giá 4 sao thui",4
Sạc xinh ... Sạc ip cug dc 3 lần ... Cũng nhanh nè ... Nchug là ưng ... Giá thành ổn,4
Nút nguồn bị dí còng lại sử dụng lâu mới biết đượccccccccc cảmmm ơnnnnnn,4
Cục sạc ở trên ghi 10000mA mà ở dưới ghi 6000 sạc nhanh hết pin mua giá này bị sớ rồi,4
tư vấn rất kĩ mỗi tội hơi lâu một chút mọi ng nên mua nhaaa,4
xin lỗi vì hình ảnh không liên quan nhưng máy xài cũng khá là ok với cái giá tiền này rồi nha mọi người !!!,4
K biết dùng lâu với bền k nhma nhìn sơ qa thì cũng ổn ạ..........,4
"Mọi người để ý, nút của mình bị lờn bấm nhiều lần mới được sạt cho máy ip11rpomax vừa đến 85pin là hết ....
màu Hồng đẹp nhưng mình vẫn k hài lòng vì số tiền đã bỏ ra nhưng k đã như ý! Sẽ k mua lại lần 2",4
"Màu đẹp, nhưng sạc iphone ko đc 1 lần 100℅. Cắm sạc đầy cho sạc dự phòng đầy pin lâu.",4
"Giao hàng nhanh
Sản phầm ok
K biết dùng lâu sẽ như nào
Đóng gói cẩn thận",4
"Giao hàng nhanh, đóng góp cẩn thận, chất lượng tạm ổn, đã test sạc cũng được lâu nhưng không hỗ trợ sac nhanh nạp lúc máy còn 20% sạc gần 2 tiếng vẫn chưa đầy mong shop xem lại và rút kinh nghiệm",4
"Giao hàng nhanh, sản phẩm khà ổn, lúc nhận đc hàng là có sẵn 75%, sạc đc vài lần thì rất lâu mới đầy pin",4
shop đóng gói đẹp chất lượng cũng phải dùng thử mới biết đc nhưng mà rắc cắm ấn muốn lòi họng mới vào,4
"Cục sạc ổn, như hình, shop đong gói hàng hơi sơ",4
"Màu mint rất xinh
Ko biết diễn tả chất lượng ntn
Vì dùng cap này đc cap kia lại không
Ad tư vấn cảm giác hơi cục súc, khá khó chịu",4
"Hàng giao bất ngờ ,đẹp, mới ghim hơi khó nhưng cũng ok giá cả hợp lý",4
"Mua dc sale rẻ, chưa dùng nên k biết có sạc nhanh k, màu đẹp, có điều ship hơn nửa tháng mới nhận dc",4
giao hàng nhanh đóng gói cẩn thận hàng đẹp mà chỗ cắm sạc vô hơi bị nhỏ phải chận mạnh mới vào dc chỉ sạc dc 1 lỗ,4
tuy báo là 10000 mAh nhưng mình nghĩ chị được hơn 5000 mAh xíu thui,4
Sản phẩm giao hàng khá nhanh dây xạc quá ngắn,4
"hàng về hơi méo nhưng chắc do vận chuyển, hàng khá tốt. Giao hàng hơi chậm thôi còn đâu ok",4
"Hàng nhìn chung ok nhưng mua 3 cục thì có 1 cục bị hở k hiểu nguyên do, cầm nhẹ tay, dùng thời gian nữa quay lại đánh giá sau",4
Hàng dùng khá tốt sạc nhanh nhưng nút cắm vào hơi chặt và dây sạc shop đưa ko sạc được,4
"Dung lượng pin của cục sạc rất ít nên sạc có 1,2 lần là đã hết pin",4
"Hàng đẹp, chất lượng tốt
Nhưng mà bị vỡ mất 1 góc nên hơi tiếc xíu",4
"Sạc pin dự phòng khó vào pin, sạc nhanh hết",4
"Sản phẩm ok, còn bền hay k thì phải dùng 1 thời gian mới bt đc",4
Sạc nhẹ nhìn rất đẹp ko biết xài có bên không nên cho thử 4 sao,4
Mang tính chất nhận xuuuuu. Sạc bình thường nhanh hết pin maibe,4
"Sạc rất ok, uy tín, mua lần thứ 2 rồi vẫn rất thích. Hợp giá tiền, giao hàng nhanh nhưng hộp bị bóp méo, không ảnh hưởng đến sản phẩm",4
Sạc tầm 3 5 tiếng mới đầy nhưng dùng sạc chưa đến 2 lần đã hết pin rồi,4
"Hơi thất vọng về sp, đã sử dụng và test sp rất nhanh hết pin và sạc ko lên pin để hiện là lên pin nhưng thực chất là đang tụt dần",4
khâu đóng gói hơi sơ xài nè … chất lượng thì chưa test,4
Dùng oke nma hỏng dây sạc ạ,4
"sạc dự phòng rất đẹp, giống mẫu, do chưa sử dụng nên cũng ko biết chấy lượng ra sao.",4
"Khá ổn chỉ sạc đầy pin được 1 lần, khi lấy hàng thì có hơi xước 1 xíu",4
Dùng ổn nhưng không cho cap xạc của sản phẩm sao xạc,4
"Sản phẩm ok, mà lỗ sạc hơi cứng",4
"Máy nhìn khá xinh nhưng quả rắc cắm thì k mê dc, nó chặt và rất khó cắm, mình phải ấn mãi mới dc luôn",4
Siêu chất lượng mẫu mã đẹp đóng gói cẩn thận nên mua,4
cục sạc nhìn cũng ngon nhưng mà có điều cái nút bấm nguồn nó bị thụt vào nên đánh giá 4 sao thoi,4
Xài khá ổn trong tầm giá nhưng giao hàng hơi lâu cho shop 4 sao,4
Sản phẩm khá đẹp mắt. Nhưng dùng hơi nhanh hết pin. Vẫn cho shop 4 sao,4
"Sạc được đầy pin, tạm ổn nhưng mà lâu hơn so với sạc củ",4
Dịch mà giao hàng siêu nhanh. Trưa qua đặt mà trưa nay đã nhận dc hàng. Từ hà nội về nghệ an,4
Hàng như hình nma mình vẫn chưa sạc đc bà còn bị hư dây sạc nữa,4
"Đóng gói cẩn thận. Chất lượng chưa biết, phải sử dụng 1 thời gian.",4
"Hàng nhìn cũng ok, trước mắt sẽ ủng hộ shop!",4
Ổn định trong tầm giá,4
Giá này thì ok rồi sạc 2 lần là hết pin r jssjdjdjđ,4
"Mặt kính hơi trầy ạ còn lại thấy ok
Bao bì chắc chắn cầm nặng tay,có tặng dây sạc đầy đủ mình hơi thất vọng xíu vì mặt kính bị trầy kh có miếng dán",4
Hình thức thì đẹp nhưng sạc thì rất rất lâu vào ấy. Mình đã cắm được khoảng 6 tiếng rồi nhưng nó vẫn nhấp nháy ở số 75 (ban đầu đã có 50%),4
Đưa sai giác sạc,4
"Máy ok, nhìn xịn xò. Có cái là gói hàng ko kĩ, nên chắn thêm mút xốp chống sốc cho đồ điện tử, chứ lắc lắc cái hộp kêu lọc xọc sợ hư máy",4
"Chưa sạc thử nên ko biết chất lượng thế nào
Hộp mới nhưng màn hình led xước, ko có giấy bọc màn hình
Chẳng biết có phải hàng dùng r ko nữa",4
"Chất lượng tạm ổn
Giao hàng nhanh chóng
Sạc mãi k đầy lên 100%
Sạc vào máy thì nhanh đầy pin",4
"Mẫu khá Ok, đóng gói hàng rất kỹ nhưng hàng bám nhiều bụi, có nhiều vết trầy xước. Không như hàng mới 100%. Sạc thử thấy ok nhưng chưa sử dụng lâu nên chưa biết chất lượng thế nào",4
Hàng chuẩn như hình đóng gói cẩn thận. Sạc được 10% pin của đt oppo F9 thì mất 25% quả pin. Nhanh hết nhỉ ủng hộ shop 4* vì chất lượng nếu sử dụng thấy hiệu quả thì sẽ đánh giá lại,4
Đẹp. Dung lượng thực chỉ khoảng 5000-6000 giao hàng nhanh.,4
Xài rất ổn rất hay rất tốt nhưng đặt màu hồng giao màu xanh bớt 1 sao,4
Sản phẩm tạm ổn nhưng mặt kính chưa sử dụng đã có vết trầy xướt,4
Sạc khá ổn nhưng nhìn này dùng sạc dây dài thì phần trên bị lộ ra khá nhiều mặc dù đã đẩy sạc vào hết cơ rồi trông ko đc đẹp mắt cho lắm còn lại ok,4
Hàng trông ok nhưng chưa dùng lên ko biết chất lượng sao chỉ tiếc ko có cục nguồn đánh giá 4sao,4
"Đóng gói cẩn thận, giao hàng nhanh, chất lượng sản phẩm chưa sử dụng nên chưa biết.",4
"sp như hình
hộp bên ngoài hơi móp méo",4
Chưa xài nên chưa biết sao,4
đặt màu đen đi giao mầu xanh,4
Giao nhanh mẫu mã đejp đúng mẫu,4
Dùng cũng ok ạ,4
Dù chỉ sạc đc 1bên nhưng vẫn cho 4S.,4
Hàng đẹp giao nhanh nhưng sạc 1 lần là hết rồi,4
Sạc đc 2-3 lần gì đấy nch là ổn,4
"Hàng khá chất lượng
Có sẵn 75% pin
Giao hàng hơi chậm hộp hơi méo",4
Sao mình sạc hoài mà nó k lên pin v ta cứ 25 hoài,4
"Nên mua loại trên 200k, 139k nhẹ lắm",4
Màu rất xinh. Tuy nhiên cái dây sạc quá ngắn,4
Hàng ok nhưng vận chuyển làm phần kính hơi mẻ,4
"Dùng ok, ngon chỗ cắm hơi cứng",4
Tất cả đều ổn. Nhưng sạc pin vào hơi lâu,4
Vào pin chậm miễn cưỡng dùng tạm nhưng không thik,4
Tui tặng rồi nên k chụp đc nhưng nói chung cũng tạm ổn,4
Nhìn lạ mắt Dùng cũng oke nhé mọi người và giá cả hợp lý Ưng nhất là nhiều màu ...,4
hàng đóng gói cũng tạm ổn nhưng sạc ko đc 100% chủ đc tầm 70% thôi ạ.....,4
"Đặt màu đen nhưng lại giao màu xanh. Nhìn thì đẹp, chất lượng thì chưa biết, dùng lâu mới biết đc",4
"Sạc nhanh hết ,lúc sạc cho sạc dự phòng thì mãi không đầy mặc dù làm theo hướng dẫn",4
Hàng mới dùng thì cảm giác khá tốt các đường vân khá hay nhưng đèn báo pin thì mình nghĩ nên dùng chấm led thì sẽ đẹp hơn,4
"Đong goi hàng OK
Những sản phẩm sat hoichậm vô pin nha",4
Hàng rất đẹp và sạc rất êm nhưng nó sài lâu dễ nóng nha,4
Đặt loại màu đen mà shop lại chuyển cho loại màu xanh,4
"Mới nhận được hàng, Chưa xài thử nhưng tin tưởng vào uy tín của shop <3",4
"Hàng được sài thì không biết sao phải chờ thời gian còn vỏ nhựa của sạc hơi ọp ẹp
Cho shop 4 sao",4
hợp tầm giá,4
"Ở phần trong sạc hơi lỏng rung lắc nghe tiếng
Nhưng bù lại đẹp và tốt",4
"Hàng dùng cũng được
Đã mua nhiều lần thấy cũng ổn",4
"Hàng đẹp, đóng gói cẩn thận. Pin cầm nặng tay. Sạc vô đt cũng nhanh. Nhưng lúc hết pin sạch ghim vô sạc rất lâu mới đầy. Nhưng mà cục sạc mình k bao giờ sạc đầy 100% chỉ hiện mức 75% thôi. Mà nt hỏi shop k trả lời mà cứ cám ơn là sao k hiểu",5
"Chỉ cần đúng người, chờ đợi lâu một chút cũng không sao ooooooo",5
Dùng ok Sau sẽ ủng hộ tiếp,5
"Đúng hàng, đúng mẫu mã, có tặng kèm dây sạc, cầm khá nhẹ tay, sạc thì hơi lâu vào, nói chung cũng ok",5
Màu đẹp. Mìnb chưa sài nên chưa biết bền kh. Đọc đánh giá thấy ok nên mình đặt. Hy vọng kh làm mình thất vọng có kèm dây để sạc nhưng kh có cóc sạc nên mn mua thêm coc sạc nhé.,5
"Không có j để chê shop rất uy tín và giao hàng cũng nhanh lắm
Hình ảnh và video chỉ mang tính chất nhận xu",5
"Chất lượng sản phẩm chưa dùng nên chưa biết ,nhìn qua chất lượng khá ổn ,mong sẽ ok như mong đợi nhưng cũng không biết có được lâu và bền không ,giao hàng nhanh vừa qua đặt mà 2-3 hôm nhận được",5
"Giao hàng nhanh
Tuy nhiên thì gói hàng vẫn chưa chắc chắn nên khi giao về nó hơi méo mó
Trông giống hình
Rất đáng tiền mọi người nên mua",5
Sản phẩm tốt nhưng hình ảnh không liên quan ship nhanh chất lượng..,5
"Hình thức chỉ mang tính nhận xu 200k xu
Hình ảnh mang tính chất nhận xu",5
"Nhìn ở ngoài thấy chất lượng tốt chưa sử dụng nên ch bt tốt hay k
Đóng gói cẩn thận
Giao hành nhanh..",5
Hàng đẹp lắm giao đúng màu đóng gói sp rất kĩ nhưng kb sd dc lâu kh,5
Sạc tốt đáng cho năm sao. Cảm ơn shop đã giao hàng nhanh. Shipped giao hàng thân thiện. Hẹn gặp lại shop lần sau.,5
"Đóng gói chắc chắn. Giao hàng cũng khá nhanh. Nma hộp bên trong bị bể như hình mình chụp đó, chắc do lỗi bên vận chuyển. shop có kèm 1 tờ giấy hd sd rất kĩ.Nhưng khi lấy sạc ra thì thấy có 1 vết bẩn k biết sao nữa.....
Còn lại chưa dùng nên k biết bền không..
Ncl cũng cho shop 5 sao, nên mua ạ",5
"Shop tích cực trl nhưng giao hàng lâu dã man, giao đúng mẫu đúng màu khá là ưng ý. Mỗi tội hộp đựng móp qá móp may là trong ko ảnh hưởng gì, 2 cổng out cắm sạc hơi khó do nó cứ cứng cứng. Nhưng tổng thể là ok gọn nhẹ và đẹp",5
"Chúa tể đóng gói phải dùng 7749 cách mới mở được cái hộp, mà cũng không nỡ mở ra luôn á trời. Suất xắc được kèm giấy hướng dẫn",5
"TÚI XÁCH NỮ, TÚI ĐEO CHÉO DA TRƠN MỀM DÁNG THUYỀN LOẠI 1 PK 179
KÍCH THƯỚC: 25X13X6 cm
Chất liệu: Da PU bao bền đẹp
khối lượng: 300 gram.
Lẻ #85k/c
Hàng thật y hình 100% nha",5
Rất ok nhá Giao hàng khá nhanh chỉ trong 2-3 ngày Sản phẩm chất lượng ko biết có bền ko Nhưng tóm lại mọi người nên mua nhanh kẻo hết,5
hàng đẹp nhưng không chất lượng. nhanh hết pin và sạc được ngắn thời gian quá:)),5
giao hàng nhanhh shop có tặng thêm dây sạc mà hok có sạc được:)) pin mình sạc 1 lần mà vẫn 100 kh có tụt miếng nào luôn á nên muaa nha,5
"Shop cute cực luon ạ =)))
Sản phẩm cũng tốt giao như hình hoạt động cực ổn luôn kèm theo được anh shipper dễ thương nữa, mặc đu gọi lần 1 mình đang bận ngủ kh kịp nghe máy nma sau vẫn gọi thêm 1 lần nữa hihi",5
Mình mới mua không biết sử dụng được lâu không nhưng nhìn chung cũng ổn lắm,5
Hình ảnh chỉ mang tính chất nhận xu giao hàng khá,5
Sạc dự phòng giống hình chưa sử dụng nên chưa biết chất lượng nhưng rất đẹp và chắc chắn.,5
"Hàng giống hình
Đúng mẫu
Giá okela nè
Chưa test thử chưa biết bền như nào
Đáng mua nha mn",5
"Shop giao hàng rất nhanh
Hàng nhìn rất ổn, được đóng gói cận thận,màu sắc cx đẹp, nói chung nhìn bên ngoài là rất okie, shop rất nhiệt tình với khách hàng
Vì vừa mới nhận hàng ch sử dụng nên cx ko bt là như thế nào
Shop cx có cả bảo hành nên khá là yên tâm, nói chung nên mua",5
"Hình ảnh chỉ mang tính chất nhận xu
Sản phẩm chất lượng giao hàng nhanh Mng nên mua",5
Jahaa d enr. Rjrnrn. Ê. Rr r. R r r rndndene dne.,5
"Hàng y trong ảnh nha mng, đẹp sẽ ủng hộ khách tiếp",5
Rất yêu nhé đóng gói yêu màu xinh nma bị ngiu chê là màu nhìn cũ nên mạnh dạn rcm mng màu đen cho chất dung lượng khá ít sạc một lần đến 65% thì máy cũng hết điện,5
"Xịn, đẹp, sạc nhanh, tiện dụng có kèm sạc mà sạc ngắn quá nha",5
"hàng chất lượng lắm mọi người ạ
giao hành cũng nhanh nữa
mỗi tội hộp giao đến hơi méo chắc do lúc vận chuyển
dù gì thì vẫn ủng hộ shop ạ",5
"Chưa dùng thử hết pin nên chưa biết sạc được bao lâu, nhưng nhìn khá đẹp",5
Lần đầu tiên mua sạc được shop cho cả tờ hướng dẫn sử dụng dùng thích lắm ạ sạc lại chắc chắn tay cầm giá ngon. Nên mua mọi người ạ,5
[TB] VIETTEL TẶNG 20% GIÁ TRỊ TẤT CẢ THẺ NẠP trong ngày 20/01. Tiền KM sử dụng nội mạng đến hết 04/02/2022. Giảm thêm 3% khi nạp thẻ tại Chi tiết gọi 197 bấm phím 19 (0đ). Trân trọng.,5
"Nếu em đã nói vậy thì
Vậy sao mà đêm đôi ta gặp nhau em không từ chối ngay đi?
Cầm dao và đâm vào tim của anh kèm câu ""xin lỗi baby""
Không thể tin là đôi mắt ấy lại chọn lừa dối thay vì",5
Shop gói hàng cẩn thận. Giao hàng rất nhanh. Mua được với giá khá ok nhưng chưa sd nên ko biết chất lượng như nào. Sẽ test sau. Cảm ơn shop!!!,5
Hàng oki giao nhanh hình ảnh mang tính chất nhận xu nên mua,5
Giáo hàng nhanh hình ảnh chỉ mang tính chất nhận xu !!!!!!!!!,5
"sp tốt. mình dùng dc tuần r thấy cũng ok lắm nha. vs giá như này là quá ổn áp lun nên mua nha mn.

!!!

Áo dài đã từ lâu là trang phục không thể thiếu trong các dịp lễ Tết truyền thống của Việt Nam ... Chính vì vậy cứ mỗi dịp xuân về là Nắng lại chuẩn bị những mẫu áo d",5
Sạc dự phòng này sài cũng ok nhưng mà ít quá chỉ có 1-2 tiếng là hết ạ,5
Chưa sạc thử phát nào nhưng giao hàng nhanh giá rẻ,5
"Màu trắng xinh lắm ạ cầm nhẹ tayy, giao hàng 5 ngày mới có ạ tại dịch bệnh nên cũng thông cảm nè, shop tặng kèm dây sạc nma hơi ngắn xíu xiu anh shipper cũng dễ thương hihi chưa đung nên chưa biết chất lượng như nào lúc giao về pin đầy nha cho shop 5 saoo",5
"Sạc rất xịn sò nha, đập hộp tận tay, rất xinh, chưa dùng nên kh biết có sài đc lâu kh, nhưng ở ngoài rất đẹp",5
"Ý

Mặc cho cả hai đều im lặng nhưng vẫn cảm nhận được trái tim chân thành của người đó, thì dù thế nào vẫn không hề muốn đánh đổi bất cứ thứ gì quí giá nhất trên thế gian này lần nữa..",5
"Mình nhận đc cục sạc dự phòng roi nó giống y như hình
Pin đã sạc đầy sẵn
Mình sài thử roi nó cũng ok phết
Gói gọn gàng đẹp
Sản phẩm này tốt",5
"Sản phẩm giá chất lượng rất tuyệt vời chất 9/10,với giá này mà chất lượng v thì k còn gì để chê, cầm rất nặng tay,màu hồng pastel xinh cực vỏ ngoài bắt mắt nhma bài dung lượng pin k lớn lắm tầm 1 ngày là hết r 1 cục v bạc đc tầm 3lần ấy.Có 1₫ trừ là khe cắm sạc hơi cứng bất tiện khi cắm vào để sạc",5
"Shop đóng gói cẩn thận ,sạc cầm nhẹ điểm trừ nhỏ là pin nhanh hết 1 tí sao vs thực tế",5
"Giao hàng nhanh, đóng gói hàng cẩn thận, cầm nặng tay, shop chu đáo.. Quá toẹt vời luôn",5
Hàng ok. Đẹp nha mọi người. Giao hàng nhanh. Nhân viên giao hàng thân thiện. Chưa sử dụng nên chưa biết như nào. Đáng mua nha mọi người,5
"Mk ko chụp ả thôi chứ màu đẹp
Đóng gói cẩn thận
Còn chất lg thì ko bt
Vẫn cho shop 5*",5
"Hàng đẹp giao nhanh dùng ổn gói cẩn thận, về lâu về dài ko biết nnao nhưng nhìn chung lag okla",5
"Đóng gói cẩn thận, sản phẩm như mô tả, chất lượng tốt, giao hàng nhanh, nên mua.",5
Nhận xu là chính mà hàng ngon( nhám không bám vân tay sài lâu,5
Hàng rất đẹp đáng đồng tiền lắm ạ nên mua nha mọi người ạ aaaaaaaaaaaa,5
Sản phẩm rất tốt chất lượng cao mọi người nên mua ủng hộ cho shop nha giao hàng cho,5
"Hàng đẹp rất đáng tiền sẽ tiếp tục mua hàng bên shop hình ảnh k liên quan cho lắm vì mình lười chụp hình như chất lượng sản phẩm thì ok lắm ,hình ảnh chỉ mang tính nhận xu chúc shop luôn đắt hàng",5
"Hình ảnh chỉ mang tính chất nhận 200 xu, còn lại sản phẩm rất ok. Lalallala",5
Đã nhận được hàng chưa tes thử nên chưa biết sản phẩm thế nào Có cái khó hiểu số 25 50 75 rồi đó %pin ntn,5
Rất ưng sản nên mua cầm rất vừa tay shop rất thân thiện giao hàng nhanh 1 số h/ả mang tc nhận xu,5
Sản phẩm sài ổn nhưng chỗ cấm sạc rất khó cấm và rút. Vì rẻ nên là cx rất okela,5
Mẫu mã rất ok nhưng mà cộng dây 3 đầu không có chui dẹp nên hơi thất vọng xíu,5
"Sạc dự phòng đẹp, nhỏ nhẹ cầm vừa tay ạ. Sạc đầy điện thoại khoảng 2 lần. Với giá như vậy thì rất ưng sản phẩm ạ.",5
"Hàng ok lắm ạ
Cục sạc nhìn xịn sò lắm nhe cho shop 5 sao cứ vậy phát huy nhaaa
Sr vì bận con nhỏ nên k có thời gian đem ra chụp",5
"Pin i hình, giao hàng rất nhanh và chu đáo, vừa dùng thử nên chưa biết như thế nào nhưng nhìn chung ổn, giá lại rẻ nữa! Gặp anh shipper nhiệt tình! Nên mua nha mọi người",5
"Hộp xịn xò mở ra thì ok phết, đóng gói cẩn thận, còn chádt lượng chưa sài nên cũng chưa biết đc, nhưg nói chung nhìn rất ok, mong chaast luongwj ciungx toots",5
"Hàng như hình, có tặng cap, giao hàng nhanh, có điều là lắc cục sạc sẽ nghe tiếng kêu nhỏ bên trong",5
"Sạc xinh lắm nha giao hàng nhanh cầm chắc tay lắm k ngờ với gái đấy mà mua đc sạc chất lượng vậy đâuu
Vd k liên quan",5
"Chất lượng sản phẩm tuyệt vời, đóng gói cẩn thận, rất đáng tiền",5
Ndndndjdn dndkdkrnndnd djrkrkororr d r r nrnrkrkrk,5
Mua den may lan nhung ma van cu là nheeeeh,5
Chất lượng sản phẩm tuyệt vời đóng gói sản phẩm chắc chắn sẽ quay lại với shop,5
Sản phẩm xinh đống gói oki giao hàng cx nhanh màu hồng siêu xinh chất lượng thì chờ tg tl nhoa,5
"Shop thân thiện, mình đặt hàng xong thì shop nt thôg báo cho mình, khi lấy hàng đc thì shop cũng nt hỏi thăm mình. Màu xinh, mỏng cầm êm tay, shipper thân thiện. Để mình xài một thời gian coi bền ko nếu tốt sẽ mua cho thêm một cái nữa.",5
Sạc quá đỉnh màu siêu xinh luôn ch xài nên ch biết sao nhưng cục sạc cầm vô rất xịn xò chắc tay,5
"Hình thức đẹp, chắc chắn. Còn độ bền thì sử dụng mới biết đc",5
Hàng chất lượng sản phẩm đẹp đc tặng kèm thêm dây sạc vào siêu nhanh ạ,5
"Hàng ok lắm nha ,giao hàng mùa dịch mà vẫn nhanh nhận được ,mn nên mua nha",5
"Sản phẩm chất lượng, sạc được tầm 2-3 lần. Màu sắc đẹp, cầm nặng tay",5
Rất màu yyyyyyyy hình luôn ạ sạc đầy dự phòng thì chắc sẽ dùng đc 3 lần sạc máyyyyyyyyyy giá lại rẻ giao hàng nhanhhhhh nữa,5
"Sản phẩm rất đẹp ạ
Đóng gói cẩn thận
Vì đang trong dịch nên giao hơi lâu xíu nhưng mà k sao
Nếu dùng tốt thì sẽ ủng hộ shop ạ",5
"Mới nhận được hàng. Đang sạc, mẫu mã thì ok. Độ bền thì chưa biết. Thời gian sẽ trả lời. Nếu tốt se mua cái nữa.",5
xin lỗi shop vì có 1 vài ảnh ko phù hợp nhưng mà chất lượng sản phẩm của shop thật tuyệt vời nên mua nha mng ơiiii,5
"Hình ảnh chỉ mang tính chất nhận xu, cục xạc hơi khó sài tí:))
Vô pin lâu",5
Ảnh kh liên quan nhưng mà sản phẩm oke nên mua,5
"Sạc mỏng nhẹ, thiết kế đẹp, rất nên mua nha mọi người, mình đặt hoả tốc nên giao nhanh cực kì",5
Sản phẩm tốt shop phucn vụ tận tình giao hàng thân thiện,5
Gói hàng cẩn thận. Ship nhanhhh. Phải sử dụng 1 thgian mới biết chất lượng như thế nào,5
"Giao hàng nhanh đến bất ngờ. Sản phẩm cầm rất vừa tay, chắc chắn, thiết kế đẹp phù họp các bạn trẻ.",5
Hàng đóng gói ổn áp chất lượng cao sẽ quay lại ủng hộ shop tiếp ạ,5
"Khá okela, chất lượng chưa dùng nên ch đánh giá được",5
Giao siêu nhanh luôn mới đặt mà có tưởng đâu lộn ko hà. siêu dt nữa Nói chung là nên mua nha mọi nhười đẹp,5
"Mình chắc chắn sp k bao giờ đủ 10000 pin luôn mình sạch cho 6splus từ 10% lên đến 100%, lần 2 mình sạch từ 46% lến được đến 63% là sạc dự phòng hết sạch pin, trước đó mình có sạc sự phòng đầy rồi",5
"Sản phẩm chất lượng và dùng rất thích!
Cảm ơn shoppe nhiều nhé!",5
Sạc xinh y ảnh giao hàng 1 tuần ncl đáng tiền sạc cũng ổn,5
"Sạc rất là ổn phù hợp với học sinh, mang đi học đồ rất là uki. Tui mua màu hồng thì cái màu của cục sạc nó rất là xinh tươi với cái vỏ ngoài cầm cũng tuỵt lúm(màu sắc trên đánh giá bị lệch cho cam máy tui yếu chứ ngoài đời nó xinh lăm). Shop tư vấn cũng nhiệt tình=>Nên mua nha... Rate một chục sao",5
Mẫu mã đẹp thấy rất chắc lượngmọi người k cần thắc mắc cứ mạnh dạng mua đi quá ok,5
"Shop trả lời nhiệt tình lắm mn ui
Sạc thì xinh đẹp lắm lun á đóng gói hơi bị đẹp chắc chắn nữa
Giao hàng nhau khỏi bàn nhé mn",5
"Chất lượng sản phẩm tuyệt vời
Giao hàng hơi lâu
Hàng móp méo nhưng tạm chấp nhận
Pinn sạc ổn và đẹp",5
"Shop đóng gói hàng cẩn thận, mẫu mã hàng đẹp chất lượng. Hàng sale mà không nghĩ sang xịn mụn như vậy. Quyết định đặt thêm hàng.",5
"Đã nhận dc hàng.a ship dễ thương. Hàng đóng gói sản phẩm rất chắc chắn.hộp còn nguyên ko móp.cục sạc đẹp ,đang tes thử pin xem thế nào.nếu ok sẽ ủng hộ tiếp",5
đẹp lắm nha gói hàng cânt thận giao hàng cũng nhanh cũng chưa dùng lâu lên chưa biết tạm thời là cho e này 10/10 nhé,5
"Mẫu mã đẹp, gửi đúng hàng, shop phục vụ rất tốt. Bền hay không chưa biết nhưng nhận được hàng ưng bụng lắm, các bạn nên mua nhé",5
"Shop đóng gói rất kĩ còn lót cả chống sốc
Giá rẻ hợp lý lắm
Giao hàng nhanh đúng mẫu mình đặt
Sạc dự phòng cầm thì rất là nặng tay luôn
Tư vấn khách hàng rất nhiệt tình
Còn kèm theo tờ giấy hướng dẫn và bảo quản nữa
Chúc shop buôn may bán đắt",5
Sạc đẹp uy tín giao hàng nhiệt tình Hình ảnh mang tính chát nhận xu,5
xinh quá cơ mà cười quá à à hả em đi học về r cho t đi học không biết làm gì vậy em không biết,5
"Giao hàng nhanh hàng cũng oke nha m.n
Hàng đẹp mọi người nên mua sản phẩm này.",5
"Hàng rẻ, chất lươngj hoàn tiện ổn, đẹp phù hợp với những người hay đi lại mà điện thoại nhanh hết pin nhưng không dư giả tiền như t",5
"Sạc nhìn ok, giao hàng nhanh chóng, giá cả phù hợp, chất lượng thì phải dùng mới biết",5
Sau khi dùng dc 1 tuần thì mình thấy là sạc cũng khá ổn theo mình thì dc 85% dùng ổn và mình k biết do mình làm k đúng hướng dẫn của shop hay sao mà sạc tầm 6-7 tiếng vẫn chỉ có 75% còn sạc lâu hơn mình chưa thử theo mình thì so với giá 125k săn sale khá ổn máy mình pin 3k sạc dc 2 lần đầy là hết,5
"Hàng giao nhanh lắm nha chất lượng cũng ổn nữa tóm lại là hàng ok lắm mình mua lần này lần t2 rồi
Kh có ảnh sr nha:>>",5
"Sản phẩm tốt. Không hiểu cái số 25 50 85 trên đó có nghãi là gì, cầm vừa tay, chất lượng sài lâu mới biết ạ. Cảm ơn shop.",5
Sản phẩm khá ổn. Chất lượng khá ổn.dich vụ khá ổn. Đống gói khá ổn. Kiện hành băng dính khá ổn. Gọi hành khá ổn. Vận chuyển hàng khá ổn. Giao hàng khá ổn. Shop khá ổn. Nhân viên chuyển khá ổn. Shopee ko ổn bắt đánh giá mỏi tay mới được 200xu ko ổn xín nào,5
Mua về đúng màu là ưng rồi nhưng chưa được dùng thử xem như thế nào chỉ mỗi tội lại phải mua thêm cap khác,5
Hàng sịn chất lượng sạc khuyến khích a em lên lê mua,5
"Bờ vong xuyên có hoa bỉ ngạn,
Cầu nại hà có mạnh bà thang,
Ngàn năm hoa nở, hoa bỉ ngạn
Một chén đoạn tình, mạnh bà thang.",5
"Chất lượng khỏi bàn luôn ạ, đóng gói cũng tạm nhưng hàng mới dùng nên chưa biết",5
"Giá này mà được hẳn em như này là quá ngon rồi đẹp lắm nha shopp bạn nào có ý định mua thì mua đi xinhh lắm luôn ý, mình là 1 đứa rất thích màu hồng nên gặp là ưng em này liền với số tiền nhiêu đây mà có được như này là quá đỉnh rồi",5
"Chương 2 VẬN DỤNG NGUYÊN TẮC TÔN TRỌNG KHÁCH QUAN VÀ PHÁT HUY TÍNH NĂNG ĐỘNG CHỦ QUAN TRONG QUÁ TRÌNH HỌC TẬP CỦA SINH VIÊN 2.1. Vận dụng nguyên tắc tôn trọng khách quan Tôn trọng khách quan là tôn trọng tính khách quan của v ật chất, c ủa các quy lu ật tự nhiên và xã hội. Điều này đòi hỏi trong hoạ",5
"hàng ổn,đóng gói cẩn thận,sạc hơi lâu tí nhưng dùng được lâu,ảnh và vid chỉ mang tính chất nhận xu",5
Hình ảnh và vi deo chỉ mang tính chất minh họa thôi ạ. Chứ sản phẩm của shoppp tuyệt vời và đẹp lắm ạ e sẽ ủg hộ shop nhiều,5
"Giao hàng nhanh, đóng gói sản phẩm rất cẩn thận",5
Sp đẹp sạc vào rẻ còn bền hay ko thì ch biết để mk trả nghiệm thêm nha,5
"Sản phẩm ok
Mỗi tội sạc nhanh hết pin",5
Shop gói hàng rất đẹp và chắc chắn nha mọi người sạc cầm chắc tay lắm ạ chưa sd nên chưa biết có oke hông nhưng shop nhiệt tình và thân thiện nên cho shop 5 chúc shop luôn đắt hàng nha,5
"Sạc lâu
Ổ cắm hơi nhỏ nhỏ cứng
Đẹp
Vừa tay",5
"Một chiếc sạc xinh xẻo, giá rẻ. Chất lượng thì còn xem thời gian thế nào.",5
"Hình ảnh chỉ mang tính chat nhận xu
Mới mua nên chx bt dùng có ồn ko
Thấy mn đánh giá ok
Tóm lại là nên mua đáng tiền",5
Anh/chị quan tâm vui lòng liên hệ số zalo để bên em tư vấn trực tiếp ạ !!,5
Ổn,5
Dep lam nha mng ship cg nhanh mng nên mua ạ hi thankkk youuugshsjsb,5
"Hàng chất lượng
Đóng gói cẩn thận
Giao hàng nhanh
Sẽ ủng hộ shop nhiều thêm",5
Đễp mua lại chưa xài nên vhuae biêtd chất lạng giá rẻ mua sale nên ổn thích pắm mào xinh,5
Hàng giao nhbh đóng gói cẩn thận có giấy bảo hàng và cách dùng ms dùng thì chx bt chất lượng nếu ok thì sẽ ủng hộ shop nhiều lần,5
"Clips mang t/c nhận xu, sản phẩm như shop qc, đáng mua với tầm tiền này,
Nên tích hợp thêm cái đèn led mini thì perfect

Khuôn mặt nữ nhân ko nên nhìn gần, gần quá ắt sẽ ko đẹp nữa
Tâm tư nam nhân ko nên nhìn kĩ, kĩ quá ắt đau lòng mình!",5
"Đầy đủ phụ kiện Sản phẩm đẹp, giao hàng nhanh chưa biết chất lượng như nào
Nhưng vẫn ủng hộ shop những lần tiếp",5
"Giao hàng đầy đủ, cục sạc phòng nhìn xịn, cứng cáp. Mong là xài bền k",5
"Đóng gói kĩ càng, cẩn thận
Sản phẩm chất lượng
Giống hình
Giao hàng nhanh
Ủng hộ shop nhiều",5
Màu hồng đẹp nhaaa. Mới dùng nên chưa biết bền hay không. Nhẹ nhàng dễ cầm.,5
"Chủ đề bài dự thi UPU lần thứ 51. Năm 22 Em hãy viết thư gửi một người có tầm ảnh hưởng để trình bày lý do và cách thức họ cần hành động trước khủng hoảng khí hậu""",5
sp đẹp giao hàng nhanh đáng muaa,5
"sp giao đúng mẫu, shop rất chu đáo ib trc để phòng chuyện ko may, sp rất ok nói chung rất ưng và nên mua nha. cho shop 5 sao",5
Sạc hơi lâu,5
ảnh không liên quan lắm nhưng mà đóng gói kĩ càng chưa sạc thử nhưng chắc sẽ ổn giao hàng khá nhanh shop rất nhiệt tình tư vấn kĩ càng 12h đêm vẫn còn tư vấn rất hài lòng cho 10000sao luôn,5
Chưa sài nên chứ bic nèo cã nhìn ngoài mắt cx đẹp 10₫,5
"Sạc sài cũng oke, shop gói hàng cẩn thận, tư vấn nhiệt tình nữa, mình phân vân lâu lắm mới mua em này=)) Nhưng mà mua về không hề làm bạn thất vọng đâu nhé=)) Nói chung là nên mua nè<3",5
Sạc dùng ok lắm nha. Vì đặt cận tết nên giao hơi lâu. Nói chung là 10 điểmmm,5
"Màu xinh xỉu nha đẹp xuất sắc nha, hk pt xac dc lâu k nhưng mà xinh gọn nhẹ mỏng vừa tay",5
Nên mua nha mn,5
Ok,5
"Ấn tượng vì shop giao hàng nhanh
K hiểu sao vận chuyển ẩu nên hàng bị bóp méo
Dùng được 1 ngày thấy hành như cc. Sạc cả ngày trời k nên nổi 100% dùng thì chưa gì đã hết
KHÔNG NÊN MUA NHÀ MN PHÍ TIỀN ,LỠ ĐÁNH GIÁ LUÔN H DÙNG THẤY HỐI HẬN K KỊP",5
"Nhỏ, gọn, đẹp. Hoạt động như mong đợi. Đóng gói chuyên nghiệp, hàng nguyên seal. Shop làm việc uy tín. Rất hài lòng. Khuyên mọi người nên mua",5
Hàng ok y như hình lun nha mọi ngừi đóng gói cẩn thận còn chất lượng để mình dùng xem rùi review lại nha,5
"Sản phẩm sài chất lượng, hình ảnh chỉ mang tính chất nhận xu hihi",5
"Giao hàng nhanh, shop đóng hàng cẩn thận, đúng mẫu, đầy đủ phụ kiện, thấy mọi ng mua nhiều nên mình cũng ủng hộ theo",5
"Sản phẩm ok lại còn được bảo hành, hy vọng là sp dùng được lâu và bền. Giao hàng nhanh, nói chung là nên muaaa nha mng
hình ảnh và video mang tính chất nhận xu",5
"Nhận hàng khá ứng với sp, dịch bệnh giao hơi lâu nma kh sao ai cũng z =))
Chất lượng thì chưa biết dc phải dùng xem shao đã ạ",5
"đặt lúc 0h mà 17h chiều đã nhận được rồi! sạc giống hình, có giấy hướng dẫn cách dùng sạc bền. Mình dùng iphone lúc đầu cắm mãi không vào, rất khó, về sau chỉnh mãi mới được. mới mua không biết thế nào! mong là ok ạ",5
"Giao hàng nhanh, đóng gói chắc chắn, đã test thử thấy khá ổn, còn bền ko thì phải sử dụng 1 tg nữa mới biết đc.",5
lần đầu mua của shop đóng gói chắc chắn uy tính sẽ ủng hộ shop dài dàiii,5
Xịn hơn tưởng tượng. Mua vì có bảo hành. Nchung hài lòng.....,5
Sản phẩm như hình chưa sử dụng nhưng thấy ok lắm nha mọi người,5
Sài ổn o,5
"Sản phẩm đẹp, sài ok giao hàng nhanh, hình ảnh để nhận xu nha kkkkk",5
"Giao hàng nhanh, hồng nhám bánh bèo đẹp, mỗi tội băng dính ẩu quá, chưa kịp động kéo cũng bóc đc ra r, nhưng cục này đáng yêu nên vẫn 5sao, mong shop sau dán chắc chắc tí nhé",5
"Màu đẹp sản phẩm dùng tốt tốt tốt tốt tốt tốt tốt tốt, giao hàng nhanh shipper nhiệt tình shop tư vấn nhiệt tình nói chung là dùng ổn dù 8+ sạc được ba lần mới hết pin",5
"Mẫu mã đẹp, giao hàng nhanh. Chưa sử nên không biết có tốt không nhưng vẫn cho 5",5
"Đóng gói đẹp màu Hồng xinh xĩu
Chất lượng tốt
Khá ưng ý",5
"Sản phẩm chất lượng, shop tư vấn nhiệt tình hỗ trợ thông báo giao hàng gửi hàng, rất uy tín và dịch vụ của shop cho shop 5 sao",5
"Đã mua rồi, sử dụng thấy okie nên mua thêm ạ. Chất lượng tuyệt vời, mn nên mua ủng hộ shop nhé!
Hình ảnh mang tính chất nhận xu",5
"Sản phẩm rất xinh đẹp tuyệt vời, tôi không thể trông đợi gì hơn. Cảm ơn nhà cung cấp, nhà sản xuất, cảm ơn người bán hàng, cảm ơn sàn thương mại điện tử, cảm ơn người vận chuyển để tôi có cơ hội dùng sản phẩm tốt như thế này.
Shop nhiệt tình lắm nha",5
"Hàng giao nhah. Lúc nhận dc là 75%. Sau hết có sạc cho củ sạc thì hơi bị lâu. Nt thì sop tl nhiệt tình. Sau thay củ sạc thì Ok. Nhah đầy. SẠC DC 2,5 Lần cho IP6. 136k nhea mn",5
"video chỉ mang tính chất nhận xu thui, mình dùng sạc 2 máy cùng 1 lưc thì tầm 3-4 là nó hết sạc. nói chung là ổn nha",5
"Hàng khá là đẹp và ngon nha mn ơi
Có cả bảo hành 12 tháng nữa
Giao khá nhanh 2 ngày là có rùi",5
Sịn đẹp dùng rất lâu ship hàng nhanh đóng gói an toàn rất hài lòng,5
xịn xò hợp giá tiền không đòi hỏi giao nhanh tư vấn nhiệt tình.,5
"Đã ủng hộ shop lần
Shop đóng gói khá chắc chắn",5
"Sạc đẹp y hình Chưa dùng thử nên chưa pk ntnào nhưng thấy sạc tốt
Sạc hình đầu tiên mình chụp là y ở ngoài còn 2hình sau pị dạ nắng chiều
Nhưng hàng shop đóg gói chỉ bằng thùng cartoon mỏng shop nen đóg gói cẩn thận hơn",5
Chất kuowjng sản phẩm thì okelaaaaa giá thành sp còn rẻ nưzaaaaa k biết được lâu đai hay ko thôi,5
Ai mua xịt thơm miệng kêt bạn zalo em 0973164943,5
"Hàng ok nhé mn, hàng khá chắc chắn- mình mua trúng đợt sale chưa đầy 140 nên thấy rẻ thật tặng shop 5sao phục vụ khách nhiệt tình- (chưa sạc thử điện thoại nên chưa bt dung lượng pin ntn)- nói chung nhận đc hàng thấy ưng ý- chúc shop có nhiều khách ủng hộ",5
O ngoài đẹp hơn trong hình…..còn chất lượng theo nào dùng time rồi quay lại nhan xét tiếp nà,5
"Giao hàng nhanh, sp đẹp phải dùng một time mới biết",5
Đóng gói rất đẹp,5
"Shop giao hàng nhanh, chu đáo nhiệt tình
Chất lượng khá tốt, rất ưng ý",5
"Shop Tận Tình Rep Inbox và quan tâm đến khách hàng thì sạc 2.0A nên hơi chậm tí sạc 1,5 tiếng thì đc 50% pin đt 3000 mah",5
Sản phẩm rất oke giao nhanh,5
"Sạc nhìn đẹp, hơi tiếc là mua hồng mà hết hàng, khe cắm hơi nhỏ mình cắm dây ip vào mà rút ra ko đc, mạnh tay quá thì đứt luôn cả dây cáp, pin sạc nhanh vô, mới lấy về là sạc thử luôn, cục dự phòng lấy về còn 75% mình chưa sạc đầy cục nên chưa biết khi sạc đầy sẽ sạc đc bao nhiêu lần m",5
"Chất lượng sản phẩm tuyệt vời, hàng đóng gói chắc chắn. Shipper thân thiện Mua lần thứ hai rồi. Hàng có bảo hành yên tâm lắm.",5
Màu xinh. Giao hàng nhanh. Chưa sử dụng nên chưa biết tnao?,5
"Hình ảnh chỉ mang tính chất nhận xu
sản phẩm rất ok cute, đóng gói cẩn thận",5
"Shop gửi hàng nhanh như một cơn gió luôn ạ Sạc hường phấn xinh xẻoDây sạc em tưởng nó sẽ thô thô ai ngờ rất mềm luôn
Cảm ơn shop nha",5
Very good,5
"Sạc dc nha mn
Giao hàng nhanh",5
"hàng đến đúng kiểu tốc độ ánh sáng =))) đặt phát có lun ưng quá ưng luôn, sau sẽ ủng hộ shop dài dài, tks nhaaaaa",5
"Thương em nắm lấy bàn tay
Nửa giây thôi đủ lắt lay nửa đời.

Đổi cái avatar mong mọi thứ thay đổi may mắn hơn",5
"Dong gói đẹp, giao hàng nhanh, màu đẹp,..
Chất lượng tạm được, sạc đầy đc 1cai điện thoại",5
Sản phammmmm re nhung chat luong rat tottttttt,5
"Nhận hàng đánh giá 5*. Xong lúc dán cay quá phải vào sửa đánh giá thành 1*. Sản phẩm tệ quá shop ơi. Cường lực như bị bóc ra dán lại vậy, hở ở mép như ảnh mình chụp, và bụi chui vào. Cả 10 cái mình đặt. Có cái mình chưa bóc ra nhưng đã có bụi sẵn ở giữa kính thì dán gì nữa. Màn 12pro dán còn bị kênh",1
"Thời gian lấy hàng quá lâu, k đc nv hỗ trợ hiair thích
Ốp in hình k rõ nét bị nhoè màu ra ngoài, thất vọng",1
Ốp trắng mà bị gỉ màu nhìn quá xấu. Mua của shop nhiều lần nhưng lần này thất vọng nhất. Ốp không đẹp như hình,1
shop làm ăn không cẩn thận giao thiếu kêu đền bù mà kì kèo như gì ý kiểu không cần khách rất thất vọng về shop,1
Trước thấy shop đóng gói chắc chắn và có khen shop nay mở hẳn ra định dùng thì thấy rất thất vọng,1
Sản phẩm này thì lại bị lỗi không thể nào chấp nhận dc ……………..,1
"giao thieu hang
mai chua thay chuyen tra lai 4k chan shp nt không tl",1
Cường lực rất tốt keo full dùng ok lắm. Tuy nhiên giao hàng đúng 1 tháng. Bên vận chuyển spex làm ăn quá k ok nha ae cẩn thận,1
Chất lượng rất là tệ và kém không nên mua 1 tí nào cả dán xong màn hình rất sít không hề trơn dán xong thấy viền lẹm cả vào màn hình trông rất khoá chịu,1
"Mình mua ở đây nhiều lần rồi, nhưng lần này khi giao kính cường lực vừa khưi ra đã bị bể không sử dụng được.",1
"Giao hàng khá chậm
Đóng gói kỹ lưỡng kính dán vào thấy vừa vặn còn chất lượng chưa biết được",1
"Đặt cường lực mà ko giao chỉ có 2 cái ốp quá thất vọng luôn, lần đầu cũng là lần cuối mua của shopp !!!!!!!!!!",1
Hàng giao thiếu bảo trả lại tiền mà ko,1
Giao về cho mình kính bị nứt rồi ạ,1
Giao nhầm sp. Hỗ trợ lằng nhằng,1
Mua nhiều lần lắm r. Nhưng lần này thì cả 2 cái ốp gắn mochi đều bị rơi ra. 1 cái thì vừa sờ vào rơi. 1 cái thì 5p sau rơi,1
Cường lực siêu siêu mỏng không biết đỡ đc va đập như thế nào nữa,1
Đóng gói cẩn thận nhưng lại vỡ,1
"Cường lực hôm nay mình mới dán, thực sự rất chán mình mới dí vô để đẩy bong bóng ra đã vỡ r. Bảo sao rẻ thế",1
Mua mấy lầm shop này toàn ko nhầm hàng thì hàng kém chất lượng thiết nghĩ mn nên cạch mặt shop này ra,1
Hơi buồn shop vì ko phân loại 7 plus 6plus 11 với 11 pro max ra riêng làm ngồi phân loại nó ra hoie lâu nhưng lần đầu nên thông cảm cho shop,1
Dán kg khít nhiều bụi. Hàng lỏm. Kg đáng tiền. Kg nên mua......,1
"Đặt 1 đằng ship 1 kiểu hơi thất vọng nhưng bù lại kính cường lực rất chuẩn so với giá tiền!!!!
Lần đầu cũng là lần cuối cùng mua của shop,nvien xử lý tệ dã man",1
Sản phẩm kém mua hai lần rồi mà vẫn bị vỡ ạ vừa mở ra đã thấy vỡ rồi mà đóng hộp nhìn rất đẹp,1
"Cường lực tệ nhất mình từng mua. Nó quá dày và cộm lên, đường viền xung quanh khá sắc và không được bo cong nên rất khó sử dụng. Khuyên các bạn KHÔNG NÊN MUA",1
"Shop giao thiếu sản phẩm m đã liên hệ shop giải quyết, bảo là hoàn tiền nhưng hơn 5 ngày vẫn không có phản hồi… shop đã giải quyết nhưng m kh thích việc mãi đến khi m đánh giá shop mới phản hồi nên chỉ cho 4sao",1
"Chưa giao hàng mà lại cập nhật là đã giao, gọi điện giao hàng khách hẹn giao buổi khác thì mất hút luôn. Đến mức phải khiếu nại với shopee thì mới được giao hàng, khách chưa nhận được hàng mà shop cũng không thèm hỏi han gì, lại còn khiếu nại lại đơn khiếu nại của khách, chắc nghĩ ngta bịa chuyện",1
"Nếu có 0 sao t cho 0 sao luôn
Đặt rõ tim đen giao nike là sao
Làm ăn kiểu gì vậy ????",1
"Giao thiếu hàng, nhắn tin hỏi thì đòi giấy kiểm hàng của nv shop, m kiếm đâu ra, chỉ là 15k nhưng thái độ shop quá chán",1
"Gói hàng mình nhận được rất xấu, cường Lực bể nát, (ko biết lỗi do bên shop hay bên vận chuyển)
mọi ngươi mua hàng nên kiểm tra kĩ trc khi nhận, dù shop đã hoàn tiền cho mình nhưng vẫn rất thất vọng.",1
"Gói hàng không có tâm
Giao hàng ẩu thả
Sản phẩm thì không như mong đợi",1
Giao kính cường lực mà bị bể hết. Hanhg canh sale mà bán như vậy thì thua rồi.,1
"Thời gian giao hàng quá lâu
Đặt từ 02/11 mà ngày 27/11 mới nhận được",1
"Lừa đảo bán kính cường lực mà gãy làm đôi là sao, bán cái kính đủ tiền xây mồ mả cho gia đình tụi bay chắc mà làm ăn kiểu vậy",1
"Lm ăn lừa đảo giao thiếu 2 cái, nt k rep mn né shop này nhé vài chục nghìn k là gì đâu",1
"thấy nhiều ng mua cũng mua theo nhưng kh ngờ tệ như v, kính mua về cộm, mua cho 5 đứa mà cả 5 đứa hỏng hết kh bth nổi 1 cái. Cân nhắc trc khi mua!",1
"Cường lực kiểu gì mình lấy về ko cảm ứng được, bóc vài cái ra sd cũng đều vậy ... mua phí cả tiền",1
"Giao sai sản phẩm, hứa hẹn hoàn tiền nhưng không hoàn lại cho khách, online nhưng im re không hồi âm. Shop làm ăn dối trá",1
"Đặt 1 ốp iphone 11 promax, 1 ốp iphone 11 lại nhận 2 ốp iphone 11",1
"Lúc nhận e chưa kiểm tra, giờ nhận ms thấy bị vỡ ạ, cường lực vỡ thì coi như bỏ đi r k dùng đc",1
Giao thiếu hàng. Thiếu 1 kính cường lực của iphone x,1
"Mới vừa gỡ ra thay đã nứt, miếng cũ nứt ít mua miếng mới về thay mà miếng mới nó còn nứt nhiều hơn miếng cũ
Hên là mua trừ hao 2 miếng",1
Mình đặt mua 2 kính cường lực mà khi nhận hàng thì chỉ thấy 1 kính cường lực là sao?,1
"Chưa bao giờ dùng miếng cường lực nào mà nó cùi bắp như thế này. Khuyên mn k nên mua, tiền mất tật mang.",1
Đặt 3 kính cường lực thì vỡ mất 1 cái.hộp đựng hàng thì méo mó.mong shop nhanh chóng xem xét và giải quyết vấn đề này.cho shop 1 sao,1
"đặt 1 hình giao 1 hình khác, làm ăn quần què",1
"Shop giao hàng thiếu hàng, gọi cho mình và nói mình cứ nhận hàng sau đó shop sẽ bù tiền sau. Nhưng mình nhận hàng rồi và có nhắn lại shop 2,3,4 lần rồi vẫn chưa xử lý hoàn tiền giúp mình.
Vì tin tưởng nên mình mới chấp nhận nhận thiếu hàng. Mong shop xử lý nhanh giúp mình, mình sẽ sửa lại đánh giá.",1
"Thấy đóng gói cẩn thận nhưng mà kính vẫn bị mẻ, keo ít, tiêu đề là ôm sát máy, nhưng màn ip X dạng bo cong, miếng dán lại phẳng nên không bo nổi, chưa kể mở ra có 1 vệt bụi, dán không ôm sát, mình mua tận 4 miếng nhưng HN ship vào SG lại mắc công đổi trả. Mua lần 2 rồi thất vọng hơn lần mua trứơc.",1
Ốp ip11 lắp bị rộng,1
K biết do bên vận chuyển hay nào đat 4 cái đều bị vỡ hết,1
Giao 8 tấm nhỏ xíu sao dán dc xs max shop làm ăn gì zây,1
Em mua nhiều lần rồi Lần trước củng bị 1 lần e thật sự đag rất cần cường lực này E hi vọng shop có cách giải quyết cho e ạ,1
dán vào ko khớp. giao hàng khá nhanh. tiền nào của nấy thôi. hihu he,1
"Mình mua 2 kính cường lực- gỡ ra dán đt thì 1 nguyên 1 nứt vỡ, đã nhắn tin và chụp ảnh gửi shop và mình chờ shop giải quyết nhé!!!!
Với vết nứt rõ ràng như vậy mất luôn 1 cạnh, ko hiểu sao ship vẫn gửi hàng cho mình",1
"Dùng cong thì màn hình vỡ kính không vỡ
Mà đây cũng kp tấm kính nó là cg ấy ncl chất lg kém xấu",1
"Giao hàng thiếu, sản phẩm k tốt. Mọi người k nên mua.",1
Bán lừa đảo mn đừng tin đặt mua cường lực 6s giao hàng thì lại ko đúng hàng lừa đảo mn đừng tin gọi lại cho shop thì ko nghe,1
Mới nhận hàng mà đã bể nát rồi haizzzz,1
Mua 2 loại cho ip 11 và 12 mà lại chỉ giao 1 loại 11. Dùng cho 12 k vừa,1
"Cường lực dày
Khó dán bào màn hình
Dán vào đx thì tối màn hình đi rất nhiều
Mn ko nên mua, mua loại nào đắt 1 tí dùng còn ok đừng ham của rẻ",1
Ko hiểu shop gửi kiểu gì 6 miếng nhầm loại cả 6 không vừa miếng nào,1
Chưa dùng thì đã nứt mình quên chụp ảnh lại !!!,1
"Chưa giao đã viết giao r làm phải đặt lại cái khác
Shop làm ăn như quần đùi",1
"Shop giao sai hàng cho mình. Mình có nói lại, shop có nói chờ shop gửi lại voucher mua hàng. Sau đó ko có phản hồi lại. Mình ko cần voucher nh mk ko thích thái độ cõng con bỏ chợ như thế. Mình mua nhiều lần r, có lẽ sau lần này mk sẽ ko quay lại nữa.",1
"Shop làm ăn rất vớ vẩn. Hàng hết k báo khách, cứ thế ship. Đặt 4 hôm liền toàn ncc k có hàng, huỷ đơn xong hôm trc hôm sau đi hàng luôn. Xong hàng k đúng yêu cầu. Báo lấy 2 kính cường lực trắng 3 đen thì cho tất màu đen. 2 lần liền r chứ kp 1 lần. Sđt có trên đơn chứ kp k có. Mà trong bill ghi rõ",1
"Đặt cường lực màu đen lại giao màu trắng mà ko nói tiếng nào
Quá chán",1
Đặt cường lực giao ốp?? Nhắn ko rep?,1
shipper chưa giao mà để Đã giao làm ăn kì cục ko đáng mua,1
quá tệ tuy nhiên không thể đòi hỏi với 1 mức giá này,1
Mua 6 cái kính cường lực về dán cái nào cũng có 1 khoảng ko dính.chán quá,1
Sao đơn hàng đặt lâu r t chưa nhận dc v shop Gọi điện giao hàng mà lại k giao,1
Chùi 4 miếng giấy rồi nó vẫn k hít 2 bên chị của đt,1
mua 3c bị vỡ cả 3,1
Giải quyết vấn đề hàng hoá và phản hồi lại cho khách hàng rất lâu Cả tuần rồi không thấy ai gọi để trả lời có hoàn tiền sản phẩm có giao hay ko,1
Này bị bể hong có sài đc shop,1
"Tuy nhận hàng lầu roiif mới đánh giá nm kbt ntn nhưng khi em dán cường lực vào thì ko cảm ứng máy đc
Mong bên shop liên hệ với e để ktra lại sp",1
Giao đến tay mở ra thì cường lực đã bị nứt sẵn trong hộp không dùng được,1
"cường lực không như trong ảnh, dán vào thì hở keo tùm lum. Sản phẩm không tốt",1
"Khi mình dán màn hình lên thì camera bị mờ, mình thử cả 2 cái nhưng vẫn bị mờ",1
Giao nhầm loại,1
Miếng dán màn hình k khớp dù đã mua đúng loại,1
Mua làn thứ 2 và lần thứ 2 nhận bị thiếu đồ,1
"ghi phân loại hàng ko rõ ràng, lừa đảo",1
Đặt 1 đằng giao 1 nẻo,1
Như cứt đặt cho ip 11 mà nhỏ tí tủm viền đen trên kính làm mắt mẹ tỉ lệ màn hình quá tệ,1
"Màn hình xước, k dùng dc",1
"Hà nội Phú Thọ mà gần 20 ngày mới giao hàng
Hà nội Phú Thọ mà gần 20 ngày mới giao hàng",1
sạc hỏng không vào,1
Giao kính cường lực bị bể,1
Sai màu dễ vỡ,1
kính không đúng loại kém chat luong,1
Mua hai kính về đến tay vỡ cả hai thì dùng cái gì,1
K dùng đc. Dán vào k bấm đc đt,1
"Mua về bây giờ mới mở ra dùng, sạc ko vào",1
bể kính,1
Kính hơi mỏng,1
Giao sai sản phẩm,1
Dùng chán,1
"KHÔNG recomemd shop này! Thái độ chỉ thích bán những đơn đặt nhiều,đặt ít giao hàng lỗi! Dính 2 lần 1 lần giao thiếu ốp,đã yêu cầu trả lại tiền món thiếu nhưng thiếu có 7-8k lên shop kiểu đell muốn trả! Không chấp lần đấy, lần này lại trò cũ, rep bằng h.ảnh, giả vờ giả vịt y lần cũ bố thí cho nhé",1
Shop giao thiếu sản phẩm,1
mua màu đen ship màu trắng đéo hiểu shop làm ăn cc gì,1
Đang ngủ thò gọi vcl,1
"Đợi hàng lâu mòn mỏi, từ lúc sạc có dấu hiệu hỏng đến lúc hỏng hẳn, mất 5 ngày để shop đóng hàng gửi mình, nếu mình ko hỏi thì ko ai thông báo đến khách. Quá buồn vì sự phục vụ của đơn hàng lần này",1
Chọn màu trắng nó lại gửi màu đên làm ăn như lồn,1
Kính toàn vỡ rịa chẳng làm gì mạnh cũng vỡ rịa,1
K nhận được hàng,1
Gửi thiếu hàng! Liên hệ 24h ko rep,1
None,1
Tôi chưa nhận đc hàng mà báo là đã giao,1
cường lực bịp,1
jack chia cổng ko sd đc,1
lần sau cạch k dám mua nữa.đặt giá đỡ điện thoại thì k có làm ăn như shit vậy mọi người né shop lừa đảo này ra đi nha.,1
Ko fit với màn hình,1
San Pham vua Dan da be kinh,1
"Hàng như lon, vừa mỏng vừa dễ gãy, k giống vs màn hình đt",1
nhu cc,1
Ko nhận được hàng,1
"Lúc mở ra thì vỡ kính cường lực ip11pm từ trong vỏ r và dán ip7 thì kính bị lỗi n che gần hết cái cam chụp trc, lúc đấy ib với sốp luôn nhưng rep khá lâu
Sốp rep xong thì có bảo đưa stk để hoàn tiền, thì đưa stk nhưng shop chỉ hoàn mỗi kính ip11pm còn ip7 mãi ib mới rep lại và hoàn lại tiền kính ip7",2
"Mua 2 cái thì vừa lấy ra đã bị vỡ 1 cái, mua ốp mấy lần của shop nhưng lần này k hài lòng cho lắm mặc dù shop đã bọc cẩn thận, vẫn mong lần sau sẽ tốt hơn",2
"Trời ơi, mới bóc ra thôi đã bị vỡ r thì còn gọi j là kính cường lực nữa
Lần đầu mua mà thất vọng ghê
Sẽ ko bao giờ mua lại",2
hàng dễ vỡ khó xử dụng chắc do mình ko có hướng dẫn sử dụnggg ko biết nữa,2
Mình đặt 1 loại chống vân và 1 loại thường rẻ hơn mà shop gửi cho mình 2 cái đều loại rẻ. K có chống vân. K hài lòng,2
"K mượt dán được 3gieng tháo ra
Giao nhau",2
"Kính quá mỏng dán lên k lm gì cx tự nứt vỡ
Tiền nào của đấy
Ship nhanh
Bọc hàng tốt
Shop trl tn nhiệt tình",2
Lần trước mua kính cường lực dặt 1 cái 7plus 1 cái 6plus shop giao 2 cái 7plus lần này đặt lại shop vẫn giao 1 cái 7 plus vs 1 cái của máy nào á,2
Mk đặt đen mà shop giao trắng buồn k dùng đc mua nhiều ở shop mà lần đầu bị v,2
"viền ốp rất bụi bẩn ạ, cường lực thì bé so với màn hình máy trông k đẹp mắt chút nào",2
Giao hàng tới kính bể đôi luôn rồi sao dùng nữa nhưng thôi mấy món kia không sao nên cũng chấp nhận,2
"Kính cường lực mỏng,Giao hàng nhanh nhưng đóng hàng kém về làm vỡ hết",2
"nhận được hàng thì bị vỡ thế này, nên mình bảo shop thì shop có nhắn xin lỗi mình và bảo gửi stk NHangđể hoàn trả lại tiền.Tuy nhiên mình đã gửi và nhắc shop khi nào chuyển tiền thì nhắn mình nhưng mình vài ngày rồi vẫn không thấy tiền hoàn về hơn 10k thôi nhưng lời nói cần đi đôi với hàng độngnha",2
Sp giao lâu lắm gần 1 tháng k nhận dc đơn hàng,2
M đặt 2 kính cường lực đen (6/6s) mà shop giao nhầm qua trắng. Nt ko thấy phản hồi. Vui lòng giải quyết cho m.,2
"Đây là lần thứ 3 mình mua của shop, 2 lần trước mình hài lòng nhưng lần này mua 2 cái cả 2 đều lỗi, 1 cái chỗ camera bị lỗi, 1 cái thì không vừa bị lệch nhiều so với máy, thực sự buồn",2
Đặt cường lực 11prmax mà giao 11. Đây là ảnh cường lực của mk và cường lực shop giao,2
Cường lực thì bình thường như bao shop khác nhưng mà quả ốp màu chán ko thể tả. Trên hình mẫu là cam và nâu. Nhận về là CAM và NUDE nha mn. Ai chuộng tone cam nâu như mình phải cân nhắc nha. Xem hình thì biết ạ,2
"Chẳng hiểu sao bị hở viền, trong khi đã miết rất kĩ. Chuẩn bị hàng lâu",2
Lau màn hình các thứ xong bóc ra thì nhận ngay miếng cường lực vỡ nhôm nhoam không biết do người bán hay vận chuyển nữa,2
"Mình biết với giá thành như vậy thì ko thể đòi hỏi chất lượng sp quá cao, nhưng mà vừa dán miết miết vài cái đã nứt rồi thì sợ quá ạ cường lực khá giòn nên nứt ra tnay hơi nguy hiểm cho người dùng",2
"Full hộp tuy nhiên cường lực bị bẩn sẵn nên dán lên mhinh bị lỗ chỗ. Shop bảo mình bóc ra lau những chỗ bị bẩn đi nhưng mình lười mang ra hàng nên để vậy luôn. Đặt 3c, 2c trắng đều bị như vậy không biết cái đen còn lại có bị bẩn tiếp không",2
"Mua 2 cai đều bị lỗi quanh nút home có nhiều chấm trắng sữa, k hài lòng",2
Đợi để nhận hàng của shop thì điện thoại đã thành thế này. Chán,2
"Sản phẩm ok, như mẫu. Mình hay mua cường lực nhưng cả 2 lần mua gần nhất đều bị bể khi mở hàng, những sản phẩm bể đều ở phía trên có thể do vận chuyển. Mong shop check lại khâu giao hàng. Cảm ơn shop!",2
"Hàng không giống mô tả, đặt 21D nhưng giao 9H, dễ gãy, đang dán thì gãy màn hình, được cái đóng gói cẩn thận, giao hàng khá nhanh nên cho 2 sao",2
"Cường lực giao 2 cái thì 1 cái vỡ,hơi thất",2
Chán,2
Hàng hơi đểu cứ tưởng tất cả trong suốt,2
Giao hàng bị nứt luôn kính,2
Mình đặt màu trắng mà lại giao màu đen ip7,2
ốp bị lỗi. xước,2
Nó về tới tay thì như vậy,2
Ốp rất đẹp nhưng m cho 2 vì kính cường lực cái của mình đang dùng bị vỡ còn ko kinh bằng cái mới được giao,2
Tiền nào của đấy. Chống nhìn trộm ok nhưng kính bám vân tay ác quá. Phải mua loại vài trăm nghìn để thay thế.,2
Lúc trc mua một lần nm lần này quá tệ kính cứ như kiểu có cặn vuốt ko mượt,2
"Mua 3c thì vỡ 2. Dù bọc hàng rất cẩn thận.
Còn 1 chiếc dán vào thì che hết màn hình trước, dán kiểu gì cũng che. Có kèm thêm giấy lau màn hình tiện lợi. Nhưng đặt mất cả ship 52k cuối cùng ko dùng được một chiếc nào.",2
Kính cảm ứng khá là kém. Bề mặt thô và dễ bám vân tay.,2
"Mới dùng 2 hôm bị mẻ mất 2 miếng, tiền nào của đấy ạ.",2
"Ảnh 1 nơi giao hàng 1 ngã, mình vẫn nhận hàng vì mình thấy giao hàng tội,miếng dán vừa với điện thoại nên mình nhận luôn",2
ốp bị lỗi. Nên để ý chút trước khi giao hàng,2
"Kính Kong oke hơn nhiều nhé ạ, kính này dễ vỡ, mình dán vô đt chưa gì đã vỡ rồi",2
Cường lực bị bể,2
"miếng dán bé quá bị thiếu tận gần bằng cái viền ngoài của iphone 8 ko full hết màn đc, miếng này chỉ dùng dán cho iphone 6 thôi dán vào ip7 ip8 bé tý nhìn thiếu thiếu xấu lắm",2
Lần thứ 2 mua của shop rồi mà vẫn bị lỗi 3 kính thì mất 1 kính ko vừa màn hình Đc đầu này lại lệch đầu kia vì giá rẻ hơn ở quán nên cái nọ bù cái kia tạm chấp nhận đc mong shop lần sau kiểm tra kỹ hơn,2
Kính cường lực k dính sát màn hình. Dễ bám vân tay nhanh nứt viền kính.,2
Kính rất bám Vân tay xong còn bị ám chữ lên mặt kính,2
Shop có nt nói hoan tiền vì thiếu sp..nhưng khi nhận hàng ko có..tuy 24k ko nhiều nhưng mất uy tín,2
Lần này mua ko có độ dính,2
San pham ok,2
50%,2
Vbn,2
Mua 3 cái thì vỡ mất 2 cái,2
Giao hàng nhanh nhưng chất lượng sản phẩm thì tệ,2
Cường lực bị lỗi shop ạ,2
Cường lực shop gửi bị nứt.,2
Giao lộn mất tiêu,2
Giao k phải của 6splus. Nt shop thì shop kêu là mẫu như v. Nhưng dán vô chênh kinh khủng bấm k dc.,2
Ốp lỏng không vừa với điện thoại?!,2
Ko tốt lắm,2
7pls dán bị che cam cả 5 cái,2
Chán cái cường lực ghê,2
Sản phẩm chán lắm!,2
Shipper giao lộn chỗ và không thể liên hệ lại đc,2
Kính bị bẩn trong dán bị nổ,2
Hsjskx,2
"Ốp của bên shop thì đã quá quen rồi, rất xịn mà giá lại phải chăng, thường xuyên có flash sale. Tuy nhiên lần này sẽ vote tạm 4* vì giao hàng thiếu với cả giao nhầm hàng. Tuy shop có bảo ck lại nhưng mình sẽ để lần sau mua rồi bảo shop bù, rồi mình sẽ quay lại vote cái đánh giá này lại!",3
"Sảm phẩm ok, giá thành vừa nhưng lần này mình nhận được hàng hơi lâu.",3
"Shop ship siêu nhanh, miếng dán cường lực mình đang dán thì vỡ. Chất lượng hơi chán. Lần sau sẽ cân nhắc loại khác",3
"Mua được cái ốp về thất vọng, ốp thì bẩn xước, thôi lần sau sẽ không dám mua ốp ở đây. Mong shop giao cho người khác thì kiểm tra hàng trước khi gửi cho khách.",3
Rất thất vọng về shop vì giữ hàng của khách 7 ngày mặc dù khách đã thanh toán trước. Chất lượng ok,3
"Mua về thì bị vỡ tan nát
Nhưng không sao sẽ uho shop tiếp",3
"Ốp thì okkk nhưng cường lực bị vỡ, do quá trình vận chuyển hay gì đó mình ko rõ, mình phải dùng tạm cái vỡ này hi vọng shop có thể đổi cái mới cho mình",3
"Đơn ít tiền mà shop vẫn đóng gói cần thận bằng vật liệu chống sốc.
Nhìn rất là xịn xò.
Nhưng không hiểu sao kính cường lực chưa dán đã vỡ mặc dù mình đã chọn loại 21D.
Dán cả 2 thì vỡ cả 2.
Inbox shop, shop hứa hoàn trả tiền nhưng chưa thấy động tĩnh gì",3
"Mình đặt hàng khuya 9/9, 23/9 mới giao. Miếng dán mỏng, camera trước bị ngược qua phải nên không xài được ạ.",3
Giao hàng siêu lâu tầm 20 ngày mới nhận được. Cảm ứng bấm không nhạy. Tiền nào của đó.,3
"Mua lần thứ en nờ rồi mà lần đầu tiên bị mua phải kính cường lực mà k có khăn lau, phải bỏ đi. Tuy shop đã có sự phản hồi nhưng mà vẫn phải phản ánh",3
Mua kính cường lực xs max nhưng shop giao sai thành ip8 ạ. Thất vọng rất nhiều,3
"Nhin dep nhưng ốp vào ko đẹp, che hết quả táo mới dep,cam thay hoi han vi ko mua hết 2 cai màu bạc,mau bạc ốp vào rất đẹp,độ bền không biết được bao lâu đây",3
Cũng tạm đc.màn hơi xước nhỏ một chút .nhưng cũng tạm được aaa,3
"Chưa sử dụng nên chưa biết ntn nhưng mình muốn giao trước tết mà qua Tết mới giao, trog khi để tg dự kiến là giao trước ngày 1/2 giao hàng lâu vs nt shop shop tl lâu và k hỗ trợ",3
Cái kính cường lực dán vào như kiểu màn hình hỏng á. Cảm ứng quÁ là chán luôn. Dán vào phải bocd ngay,3
"Tháng 6 về với những cơn mưa rào thơm mùi hơi đất, với vòm trời trong veo khoảng thời gian rực rỡ và nồng nàn nhất của mùa hạ.",3
"Giao hàng quá quá sức chậm chạp lề mềi. Chất lượng ổn, chờ thowic giam xem xet rui toi sẽ quýt dunhbcos hay khong chuyen ung họ thêm nữa nhé",3
Hình ảnh chỉ mang tính chất nhận xu thui giao hàng lâu vl ở ngay Hà Nội 7-10 ngày mới nhận đc,3
"Giao thiếu hàng
Ship ở Hà Nội mà tưởng như ở Nước ngoài
5 ngày mới nhận đc hàng",3
Đóng hói cẩn thận. Viền kính không dán dc vẫn bị bọt khí,3
Đã nhận đc hàng nhưng cái ốp xs k vừa đt xs quá nhỏ.cường lực cũng k vừa luôn,3
Ảnh mang tính chất nhận xu,3
hàng tạm ổn vs giá mà vỡ 1 cái ạ hơi buồn mà chịu thôi bt sao h,3
"Nhận hàng lâu hơn lần trước nhận
Mua cường lực 11 gửi cường lực X",3
"Chất lượng chưa biết,thấy ngoài thì ok,giao hàng tạm.Đóng gói sản phẩm chắc chắn,kính được bọc rất an toàn,k bị vỡ.Giá cả chấp nhận được.Vỏ case k hài lòng,vì hình đăng là vỏ đứng nhưng sản phẩm nhận lại nằm ngang,nên k thể để airport xạc khi để vào vỏ,k hài lòng.Có thể đổi lại case đứng được k?",3
"Cường lực của mình bị thiếu keo chỗ này. Nên bị rỗng ở dưới, đụng nhẹ đã bị vỡ nên mình bóc ra rồi. Mình đã nt shop để shop bù sp khác cho mình. Nhưng shop bù tiền thôi. Đối vs mình thì mình muốn bù sp. Nên chỉ đg cho shop đc 3 sao thôi. mình mua ở đây nhiều lần rồi. Trc h sp đều rất ổn, trừ lần này",3
Shop giao đầy đủ nhưng dán cường lực PPF mặt sau thì shop lại giao miếng dán cacbon nên k hài lòng tí nào,3
Thời gian giao hàng cho vận chuyển rất lâu. Hơn 2 ngày mới thấy báo vận chuyển lấy. Trong khi cùng ở HN,3
"Đóng gói bài bản, giao đủ hàng, nhưng đơn mình nhận lại bị bể mất 1 cái kính cường lực",3
"Không thích k tiện nói lý do trừ sao
Sản phẩm ổn giá thành khá là rẻ nên mua nha mọi người
Hộp gói kỹ bảo quản tốt nhưng rep khá lâu
Em cảm ơn nhiều có dịp sẽ mua nhưng phí ship thật sự căng",3
"Cường lực nhận lần này ko tốt bằng lần trước, dán đến cái thứ 3 mới được",3
lần nay chuẩn hàng và giao hàng lâu. đóng họp móp méo,3
"Ốp đẹp giá rẻ

Lên mua nhé các bạn

Like page Quỳnh Anh Shop hoặc AnhAnh SHOP nhé",3
Ốp đẹp nhưng thất vọng vì giao thiếu ốp ship đã hoàn tiền lại r nhưng ốp đặt cho b nên khá buồn,3
Không muốn nói luôn canh nút home thì lệch cam canh cam thì lệch home còn phần kính ở cam trước thì làm mờ 4 góc cam,3
Cường lực bị vỡ tan. Đang lợn lành thì thành lợn què. Bực mình.,3
Cfjfzw dfgđvcwfb rhb dgbse,3
Đặt 2 kính đen và trắng thì 1 cái bị vỡ mất tiêu rồi. Dù đã bọc chống shock nhưng k hiểu do bên vận chuyển hay bên ng bán,3
"Đánh giá lại vì lúc dán mới thấy chất lượng tệ, cường lực nhỏ hơn và che màn hình, xéo lệch so với nút home",3
Khá ổn vì có hộp bảo vệ kính cường lực. Tuy nhiên kính cường lực k tràn hết viền nên còn hở màn hình viền. Xài vài ngày thì bị nứt tróc bên mép,3
s,3
Giao đúng sản phẩm nhưng mà mình nhận đc cường lực bị dính nhiều keo trên bề mặt rất khó lau hết,3
"Shop đóng gói cẩn thận, nhưng vừa dán xong để vào túi nứt luôn cái mép cường lực cười ẻ",3
"Đóng gói khá cẩn thận, đẹp mắt. Nhưng vừa mới bỏ ra chuẩn bị dùng đã bị vỡ luôn 1 cái",3
Shop giao thiếu hàng ..ốp giá rẻ mẫu mã đẹp..tuy nhiên nên mua mấy màu tối vì màu sáng dễ bị ố,3
Cường lực dễ dán thôi chứ tui mới dán là nó bị mẻ. Mẻ not nứt nha. Hai cái 1 cái mẻ ngay góc bấm nguồn 1 cái mẻ ngay giữa màn hình. Buồn qtqd biết là rẻ mà cũng phải dùng đx một hai tháng chứ mới có 1 ngày hà .....,3
"Giao hàng nhanh, đóng gói siêu cẩn thận ạ
Hơi thất vọng vì thấy ốp có bị bẩn ở nhiều chỗ
Mua lần thứ 3 và sẽ tiếp tục ủng hộ shop",3
Sản phẩm ổn Chỉ là giá thay đổi thất thường. Không hiểu,3
Gói cẩn thận nhưng Mình vừa dán vào đth xong miết xuống thì nứt bố nó luôn chán @@ @@ nhưng mk quên chụp mà vứt luôn r,3
Đặt 1 cái 6s 1 cái 7s shop giao 2 cái 7s thấy mà chán,3
"Rất dễ gãy, dễ xước, mới cong nhẹ 1 tý mà gãy luôn rồi. Huhu. Lại phải mua cái mới. Chán quá",3
Không biết do mình không biết dán hay nó có vấn đề nữa nma chưa lần nào dán oke cả,3
Màn kính bị bé hơn đt. Bóc ra dán lại mấy lần vẫn không vừa. Chả biết sao nữa,3
Ốp mỏng lắm kibha cũng binh thường vỡ r õnka xnajx ka xkabanx kã,3
mình không biết vẫn chuyển kiểu gì mà cái kính cường lực nó bị vỡ như vậy thật lá đáng buồn còn mấy đồ khác thì ok mình chỉ cho shop 3* thôi,3
"Cường lực dùng tạm đc, nhưng lúc bóc ra hơi khó r đth tui còn bị mất 1 mảnh nữa",3
Không thể đẩy hết không khí ở phía 2 cạnh viền ra ngoài mặc dù nó nằm sát mép. Do góc bo cong của kính không khớp với góc bo cong của màn hình.,3
"Xài r thì thấy nút home ảo khá là nhạy,shop giao đầy đủ,3 cái cường lực thì lấy 1 cái ra xài trước vài ngày ko hiểu sao nước vô bên trong đc lun? đáng lẽ phải dính lên cường lực,đằng này vô trong màn hình lun á.Thay cái t2 thì lỏng lẻo khó gắn nên bỏ lun cái t3.Dây sạc bị lỗi nên shop đã hoàn tiền.",3
Cũng dày dặn Đã dùng nhưng chưa biet duoc bao lâu thì nứt. Với lại có vẻ không được nhậy lắm,3
"Giao hàng vỏ bị móp méo nhiều may mà 6 miếng cường lực khồn bị bể, sp ổn",3
Kính cường lực ko bóc ra dán dk gãy cả móng tay luôn. Chỉ ốp lưng thì đẹp. Nhắn cho shop ko thấy trả lời,3
"Dính keo hay gì mà chùi hok ra, hicc",3
Vừa mở hàng ra thì thấy kính nát bét luôn,3
"Giao hàng nhanh, nhưng cường lực 8 lại k vừa màn 8 mình cảm giác n to hơn màn khá nhiều",3
Kính cường lực vừa mở ra đã bị mẻ một miếng ở rìa. Hơi thất vọng chút,3
"Sản phẩm lần này hơi thất vọng về shopp, hộp đựng hàng thì méo mó, sản phẩm thì như dùng rồi, không hài lòng nên cho 3 sao",3
"Kính bj thủng ,hỏng nhiều nha lần t2 cx ko được suôn sẻ cho lắm lần trc mua cx bị hỏng",3
"Chất lượng sản phẩm kém, giao hàng nhanh nên vẫn cho 3 sao, mang về dán ko được vứt luôn",3
H j j j jgiao thiếu 1 cái ốp lưng,3
Ko có 2 miếng lau,3
Iring dỏm,3
Mua ốp 6/6s mà gửi về thì k vừa,3
Kính ok nhé. Có hộp nữa,3
Shop đã đền bù sản phẩm mk sẽ quay lại mua,3
"mua ở shop này nhiều lần rồi, nhưng lần này là thất vọng nhất, đóng gói về tới tay khách hàng là rách nát, hộp méo mó, hên là không mất hàng, lần này tạm thời cho 6/10đ thôi",3
Đã nhận hàng kính mỏng và shop quên ko cho khăn lau gọi điện shop bảo dùng khăn ướt lau hộ,3
Mua kcl 1 đen 1 trắng mà giao 2 trắng,3
"Giao nhầm sản hài lòng lắm
Giao hàng nhanh….",3
"Shop gửi thiếu hàng, nhưng k gửi bù hàng cho khách mà hoàn tiền Lsau đề nghị shop để ý hơn",3
Clip để lấy xu. Nhưng vận chuyển quá lâu. 2 tuần mới nhận dc hàng.,3
Không biết là shop gửi hàng lỗi hay là lí do gì mà khi mở hàng ra thì bị bể 1 kính.Quá thất vọng,3
Mùa dịch nên shop giao hàng cho dvvc hơi lâu. Kì này shop k bán cường lực kèm hộp mà chỉ đựng trong túi nilong. Lại gặp phải shopee express nên cường lực bị nứt gần hết không dùng được. Gói hàng bị đè bẹp móp méo như hình.,3
Chưa nhận được hàng shipper xin luôn hàng của mình ạ nhưng bù lại shop phục vụ tốt nên mua nha mng,3
Mình đặt 2 cường lực đen cho 6/6s mà shop giao cho mình cường lực trắng,3
Cường lực không hết viền hơi nhỏ hơn với các hãng khác Tạm đc,3
Chờ hàng 3-4 ngày nma hàng đẹp có bọc xốp để không vỡ sản phẩm,3
Hàng ok kính khá dày Mà shop giao em lộn 2 cái của ipx rồi chỉ dùng được một cái,3
Cường lực của 8pl bị lỗi hai bên cạnh k dính chặt vô được,3
Đã nhiều lần mua của shop .lần nào cũng bể nên mk lúc nào cũng phải đặt 2 cái. Nay nhận 1 cái bể 1 cái k,3
Ốp đẹp nhưng sơ ý ko kiểm tra hàng 4 cái cường lực vỡ hết 3,3
"Ốp đẹp như hình, màu xinh, mình mua 3 ốp đều ưng
kinh cường lực thì không khớp so với điện thoại lắm, nếu khớp cam thì nút home và loa không khớp hiu hiu
shop còn giao thiếu 1 miếng lau điện thoại cho mình nữa",3
mua 2 miếng dán mà cho 1 giấy chùi,3
Không biết do bên bán hay bên giao nhưng mình nhận được hàng như này không dùng được.mong shop có thể xem xét lại,3
Đặt ốp 11 pro max thì giao 11 pro. Không hỗ trợ đổi trả lại hàng,3
"Ốp đẹp, đóng gói cẩn thận. Nhưng đến khi mở dán màn hình ra thì hơi buồn chút xíu.",3
Ốp da cá màu ko đc như shop cung cấp. Giao hàng nhanh,3
giao hàng lâu 8 ngày mới nhận được đóng gói sản phẩm kĩ mua nhiều lần bên đây rồi nma lần này k ưng chất lượng vì khi dán lên n vẫn bị bong bóng,3
"Cho hỏi cái lỗ li ti ở trên để làm gì ạ
Ảo",3
"Hàng nhận đủ, giao hàng lâu. Trong hà nội mà cả tuần trời không nhận được hàng.",3
"Shop gói hàng cẩn thận. Loại cường lực 21D này k mỏng như 21D lần trc mình mua, dày như 15D vậy. Giấy ướt vệ sinh màn hình thì bị xé rách k hiểu từ baoh. Đã phản hồi lại với shop",3
"Đóng gói đẹp, giao hàng nhanh. Nhưng kính cường lực đã bị sứt một góc. Chán luôn. F f c gndhagvdbd f. Cncjdjsjdnbd đ đ",3
Đặt shop nhiều lần rồi nhưng lần trươc thì giao nhầm cho mình cường lực. Còn lần này mặc dù đã hỏi trước shop về củ sạc để phù hợp với dây mà mình đã mua trước đây của shop. Tuy nhiên shop lại gửi cho mình củ sạc không vừa với dây,3
"shop gửi hàng không giống mẫu đã đặt, mình đặt loại 21D 10H nhưng shop gửi loại 9H, chưa dán nên cũng không biết chất lượng thế nào",3
Mua 10c đủ đời iphone. K có 1 cái nào ghi để phân biệt đời nào ra đời nào làm ngồi lựa mở ra coi.,3
"Kính cường lực tạm ổn, nhanh bị sứt, dùng mấy hôm đã bị mẻ 1 chút rồi",3
Ốp hơi mỏng. Ko đủ độ cứng để chống xóc. Giá rẻ. Chất lượng tạm ổn,3
Đặt 9 cái mà giao 1 cái trống Thiếu 1 cường lực 11 của em rồi shop ơi,3
Cường lực đợt này rất tệ dính k chắc vào màn hình và giao bị nứt 1c Ốp thì vẫn chất lượng Nhưng cường lực đợt này thật sự thất vọng,3
Cường lực mỏng vừa bóc ra đã vỡ. Trc mình mua 1 shop nhg k mỏng như thế. Kxnx djdn jsdn jsbd hsbd nsbd x bsbd hsbdb hsbd bsbd hbd d,3
"Trước mua ốp lưng dc xìa dc ngày rách, mà dây mua 1 dây dỏm( mền như dây thừng luôn ak và xài dc 2-3 lần hư luôn) 1 dây cứng khá ok. Nay mua 2 dây sạc cầm vô thấy thất vọng vì y dây dỏm kia.",3
"Đóng gói chắc chắn. Giao hàng nhanh. Tuy nhiên cường lực hộp đựng không chắc, có thể dễ rơi ra khỏi hộp",3
"Chất lượng tạm được sẽ ủng hộ thêm nếu sau này cần, thời gian giao hàng nhanh",3
Shop đã xin lỗi cũng như ck số dư của mình rồi nên mình bỏ qua.,3
Giao đủ hàng nhưng sao mô tả ghi 21D mà giao 9D là sao nhỉ giao nhanh,3
"Mình ngồi lâu sạch sẽ gỡ ra chuẩn bị dán thì mới biết bị vỡ ạ
Hơi buồn xíu",3
Cường lực vỡ rồi,3
"Hộp bị móp méo chắc là do bên vận chuyển nhưng ốp đẹp nên khong sao
Mua của shop 4 5 lần gì rồi lần nào cũng okay hết
Lần này cho shop 3 sao vì thái độ của shipper rất tệ. Nói chuyện cộc cằn rất khó chịu.",3
"Giao hàng lỗi, đã thắc mắc với shop nhưng không có kết quả gì.",3
"ốp ko đc lung linh như trong ảnh ngoài nhìn nhạt quá, cường lực thì mỏng quá, nhiều lần mua shop rồi nhưng mua lần này thì hơi buồn, đc cái cách chăm sóc và tư vấn là ưng.hi",3
"Kính cường lực hơi mỏng, ko dc sắc xảo lắm hơi thất vọng xíu nhưng tiền nào của nấy. Giá rẻ",3
"Cường lực mỏng, dễ vỡ và oxi khó thoát ra ngoài, thời gian giao hàng nhanh",3
"ốp đẹp, cường lực hơi nhỏ ko full màn hình, case caption xấu nhất mà mình từng thấy, lúc chọn case de bỏ sạc tai nghe ko có hình như đã gửi mình, chỉ là logo caption",3
"Giao hàng khá nhanh, đóng gói cẩn thận nhưng kính này dùng k bền tí nào. Mình để trong cặp đi học rung lắc nhẹ thì bị nứt phía rìa màn hình (chỉ sau 1 ngày dùng), trước mình dùng các kính khác thì k sao. Nên phải mua loại khác ngay",3
"Sau khi dán và miết mỏi cả tay mà vẫn bị khí ở 4 góc, miếng dán nhỏ hơn màn hình",3
Săn flash sale mà sản phẩm không được hài lòng cho lắm,3
Giao hàng thiếu nhưng shop đã bù bằng card đt. Thời gian giao hàng rất chậm,3
Mua kính cường lực full màn mà ship 1 cái kính bình thường.,3
Shop giao sai mẫu,3
Shop giao hàng nhanh. Đóng gói đẹp và chắc chắn. Về cường lực thì ko hiểu s mk mua 2c về thì cả 2 dán đều bị loang,3
Kính cường lực về gãy hết luôn nhưng ốp xinh lắm giống hình.,3
Hàng đóng gói cẩn thận nhưng cường lực thì rất dễ sứt cạnh,3
kính bị lỗi chất lượng kém nhưng giao hàng nhanh đóng gói cẩn thận vẫn cho shop 3 sao,3
Sản phẩm bị vỡ một nửa quá pùn,3
Mở ra hết hồn bật ngữarw lunnn:(((,3
Kính cường lực bị vỡ,3
Ốp này mình chọn nền đen shop ship nền vàng,3
Shop giao nhầm ốp 11 thành ốp x .chán,3
Giao hàng lâu cực,3
Hagsgd,3
Mở ra chưa kịp làm gì đã vỡ r,3
Mở hộp ra bể banh hết r,3
Giao Sài ốp lưng mình đặc 11pr mà giao 11,3
Kính cường lực dễ vỡ,3
Cường lực bị vỡ.,3
Đóng gói cẩm thận nhưng mở ra là kinh đã vỡ r,3
vừa nhận hàng đã vỡ cường lực rùi ạ,3
"đốm, cong ko xài đc hdhdhd đi chơi ko có gì đó mà ko đc thì thôi em ạ ạ à ko mẹ r á m ơi con có thể dục không",3
"Kính cường lực lần trước mua oke mà lần này mua đểu thế. Dán k dính được hết, cứ bị bong ra, 1 cái thì bị gãy kính luôn r. Haizzz.",3
Quá chán. Nhanh vỡ lắm. Mua dùng chưa đc tháng vỡ hết viền,3
Vỡ mất 1 cái kính cường lực nhận hàng hộp bị bẹp,3
"Giao hàng vỡ
Ib trực tiếp qua zalo thì không phản hồi
Làm ăn như này mất khách",3
Shop giao sai màu. Đặt 3 miếng dán màu đen mà giao màu trắng hết.,3
Cường lực đẹp nhưng để các dòng máy lẫn lộn ko chia sản phẩm,3
"Đóng gói cẩn thận, giao đủ chất lượng rất tốt
Nhưng shop giao hàng cho bên vc quá chậm, đặt từ 15 đến tận 22 mới nhận đc hàng",3
"Giao sai case airpod, kính cường lực tạm đc. Tiền nào của đó.",3
Kính cường lực mk thấy mới mua nó bị bể r lức nx nhưng mấy chỗ khác thì okla,3
Mua ốp 6s plus cho má nhưng cảm thấy ốp lệch camera,3
"Shop chuẩn bị hàng lâu, giao chậm mặc dù cùng quận",3
Giao sai 1 sp,3
bị lỗi rồi. chán ghê. hic. chênh ra rồi shop ơi,3
"Ốp hơi mỏng hơn mình nghĩ, tuy nhiên hợp giá tiền",3
Giao hàng nhanh mình đã mua vài lần. Nhưng lần này đặt 2 cường lực cho ip 11 lại giao nhầm cho mình.,3
"Mua 5sp trong đó ship sai 1 thứ. Sản phẩm phù hơp giá tiền. 9k ko to, mình đem cho sp đo cungz đc nhưng m1 bị nhầm hàng ko vui lắm",3
ốp xinh nh bị vệt sước dài nên khá buồn,3
"Cường lực và ốp dùng ổn nhưng sạc đểu, dùng 2 ngày hỏng",3
A shiper dễ thương lắm. Điện kêu nhận hàng mình bận đi làm. Hẹn a 5h lại địa chỉ đó giao. A nói chìu 5h a đi rút tiền rồi ko phải h làm của a nên ko giao được.mới thấy giao hàng gì ngộ vậy. Tui thấy bên shop nên xem xét lại có nên hợp đồng với giao hàng này nữa hay không. Đánh giá này là gaio hàng,3
"• Trừ 1 sao sản phẩm lỗi, trừ thêm 1 sao cách giải quyết khiếu nại của shop hơi kém.",3
"Kính mặt trắng xấu hơn kính đen nhiều, hơi thất vọng vì lần mua hàng này",3
Màn hình của vết bẩn mjnh xem Hoài tưởng vì lớp giấy trên mặt nào ngờ k có in hình bẩn nem,3
Nhìn thì như hình nhưng ốp cứng quá. Đã thế thằng shiper còn trả thiếu tiền mình xong chạy mất hút,3
"shop
giao
lộn 1 mẫu ốp cho mình r nhé
cường lực 21D thì dán vào quanh viền đen thui...! sài chưa đc 24h nữa, nó bị chóc r bị đen quanh viền xấu lắm",3
Dán ko tràn màn 11pr như quảng cáo chỉ phù hợp dòng màn bé hơn 11pr,3
"Chất lượng tạm ổn, giao hàng chậm, mất thời gian của khách",3
Có vệt dài keo thừa phía trong mà mình ko tẩy đc,3
"haizzz không biết cách lắp vào, lần nào cũng dính bụi bên trong, mua 3 tấm dùng đc 1. Bám vân tay, bẩn cực nhiều trên màn.",3
Nxjnxkx,3
Mua 3 cái thì 1 cái bị lỗi. Hơi dày,3
Mình nhận đc hàng và cường lực bị bể mất tiu,3
Ốp thì ok còn kính cường lực thì bị vết chấm mua 2 kính của 6p thì bị cả 2 còn kính của 6 chưa dùng nên chưa biết,3
Miếng dán nó ám cái chữ trên bìa vô. Giờ nhìn màn hình rất khó chịu. Có cách nào tẩy ko shop?,3
Thái độ giao hàng rất cục súc khiến người nhận thấy k thoải mái khi nhận hàng. Hàng nhận được rất oki ạ. Cảm ơn shop,3
"Kính cường lực dễ bể cây bút bi rớt vô màn hình cũng lm bể kính
Đúng giá tiền và chất lượng như giá",3
Kính cường lực mình mua về dán thì k nhạy cảm ứng! Chổ bấm bt chổ k bấm được! Lỡ mua trừ hao 3 cái h k biết làm sao,3
nó bị vỡ shop ạ tự vỡ và góc bị lõm hơi so với phần giữa,3
Hàng chuẩn đẹp chỉ có điều ko giao đúng số lượng. Đăt 3 kinh cuong lực nhưng chỉ giao 1. Đã phản hồi với shop nhưng chưa thấy shop hoàn lại,3
"Mình mua kính cường lực cho 6s plus, mà dán không kín được màn hình. Chưa bao giờ mua bị dán hụt như này",3
Cường lực gì mà ấn nhẹ cái móng tay vào là đã vỡ rồi,3
Nên mua hàng nhé mọi người nhưng có cái k ưng về chất lượng giao hàng của shipper,3
